gestion,mes,mes_corto,mes_str,fecha,gas_natural_mmmcd,gas_natural_variacion,petroleo_mbpd,petroleo_variacion,glp_tmd,glp_variacion
2007,6,Jun,06-Jun,1180656000000.0,40.34523151656501,0.04648654613798531,50.8908,0.02197246089903704,516.8633333333333,0.04124918822131329
2025,1,Ene,01-Ene,1735689600000.0,26.472078471348386,-0.0962241375944437,22.949083225806444,-0.08205895028534882,104.33090322580645,-0.01117460884283017
2023,3,Mar,03-Mar,1677628800000.0,38.2514203866,0.000796463775980083,33.87724806451613,0.007276060071987667,123.7476129032258,-0.01038157986408339
2022,6,Jun,06-Jun,1654041600000.0,42.567440683380006,0.028808506642828746,38.462158,0.035222998265495464,130.37483333333333,-0.08865422622051489
2018,2,Feb,02-Feb,1517443200000.0,54.6110769589875,0.0803261457624842,53.98898071428571,0.06753788870957411,256.96282142857143,-0.05442406909724684
2009,9,Sep,09-Sep,1251763200000.0,34.1662050708,-0.03083397087423967,39.5281,-0.038843965728888596,465.01,-0.0376898377158722
2008,4,Abr,04-Abr,1207008000000.0,39.724036283059995,0.0016021955370302265,47.20826666666667,-0.012402018939593362,569.4300000000001,0.05095913410016428
2014,2,Feb,02-Feb,1391212800000.0,61.12997484619286,0.031299015222356896,65.34794535714286,0.028675833171451393,454.3894642857143,0.05665571430575356
2013,10,Oct,10-Oct,1380585600000.0,58.452744300256455,0.0165327841974916,61.642170322580654,0.026262914582852792,457.8163870967742,0.0044385330268998935
2016,10,Oct,10-Oct,1475280000000.0,58.59205224089516,-0.021923026283140357,57.847864838709675,-0.027370438880616632,290.3753548387097,-0.0210833695838214
2023,1,Ene,01-Ene,1672531200000.0,38.95460632852259,-0.014963451948607598,34.41368741935483,-0.018095558183847893,127.45206451612903,-0.017486978826683153
2018,4,Abr,04-Abr,1522540800000.0,52.187010655,-0.07497895351376871,51.837647999999994,-0.06817352645905006,267.1713,0.36042042676376607
2012,4,Abr,04-Abr,1333238400000.0,44.604565255225,-0.06828119079790995,44.4795,-0.09093908825218333,490.47,-0.016369294068937057
2018,8,Ago,08-Ago,1533081600000.0,55.65566340440322,0.003293898522118921,54.807492258064514,0.0023404766188908077,254.7226129032258,-0.0243890355100157
2010,5,May,05-May,1272672000000.0,41.73029247403065,0.19241757510781698,44.44903225806452,0.1307846109388182,465.4774193548387,0.016400216947751733
2020,4,Abr,04-Abr,1585699200000.0,27.237907222875002,-0.3069937687634139,26.829057999999993,-0.30735937247635536,190.5676,-0.019310415808974857
2006,1,Ene,01-Ene,1136073600000.0,32.541034367685484,,49.62951612903226,,689.1806451612903,
2012,2,Feb,02-Feb,1328054400000.0,46.19666956834138,0.18311934701409105,46.882241379310344,0.1796237010487609,458.01379310344834,-0.05833481985628741
2022,10,Oct,10-Oct,1664582400000.0,38.610015840532256,-0.03830472060763268,33.93876483870967,-0.03820317689284103,129.24929032258063,0.10183003100128252
2022,1,Ene,01-Ene,1640995200000.0,43.19112222765968,0.028434480561239983,39.15559193548387,0.03280052838753522,143.5665483870968,-0.04233464341161153
2017,6,Jun,06-Jun,1496275200000.0,48.213676157445,-0.17626993447741235,49.63892833333332,-0.14825879256975816,274.12676666666664,-0.009513808448939676
2012,3,Mar,03-Mar,1330560000000.0,47.87341933498549,0.03629590146457651,48.92906451612903,0.04365881571784169,498.6322580645162,0.08868393391788887
2008,11,Nov,11-Nov,1225497600000.0,39.740221250625005,-0.00708791288293853,45.78196666666667,-0.004044921479807617,517.1966666666667,0.0021311748650958418
2014,1,Ene,01-Ene,1388534400000.0,59.27473404307742,0.04602148787704574,63.52627645161291,0.052373055359987264,430.0260322580647,-0.05783650233540616
2009,12,Dic,12-Dic,1259625600000.0,29.2007641265371,-0.06370884584021796,35.87635483870967,-0.0628964134459904,460.5387096774194,0.09888421051011154
2020,6,Jun,06-Jun,1590969600000.0,41.246712594739996,0.19575135613520822,40.226947333333335,0.17850302411963748,186.74336666666667,-0.010303709688577856
2016,12,Dic,12-Dic,1480550400000.0,47.33812125637259,-0.165911762553399,48.46645548387097,-0.13812367751726096,282.5137741935484,-0.016379046424360943
2025,7,Jul,07-Jul,1751328000000.0,29.045342071354842,0.0445822049952731,24.545398064516128,0.03238912832381602,100.40899999999999,-0.010691261856600742
2014,4,Abr,04-Abr,1396310400000.0,59.401182205995006,0.013016023373216168,63.299706000000015,0.019819226574923965,419.2106,-0.03241269973871386
2016,6,Jun,06-Jun,1464739200000.0,56.570964018824995,0.0050526064777236535,56.47086133333334,0.0027331784094479783,316.1628333333334,-0.029193215723750554
2021,11,Nov,11-Nov,1635724800000.0,42.831645388935,0.0030765437134612217,38.17878066666666,-0.00011878970628398378,145.99833333333333,-0.009719273578712495
2017,9,Sep,09-Sep,1504224000000.0,58.31445229512,-0.024999827801926666,56.94876900000002,-0.02404762317138165,269.7851,-0.07380960607657316
2019,8,Ago,08-Ago,1564617600000.0,46.66651682322097,0.025438361192794412,46.98969064516129,0.01028746834486527,205.800870967742,-0.03829397165814663
2010,6,Jun,06-Jun,1275350400000.0,43.016446815405,0.030820640477771333,45.213499999999996,0.017198748838829436,458.5766666666666,-0.014825107301094542
2021,2,Feb,02-Feb,1612137600000.0,45.2219528163,-0.03362545311978615,42.239668571428574,-0.039118872405334626,168.13782142857144,0.039850499236953496
2009,3,Mar,03-Mar,1235865600000.0,31.25820616005,-0.04973774239094764,39.734967741935485,-0.03558077160692141,498.27419354838713,-0.00467444144659146
2011,12,Dic,12-Dic,1322697600000.0,42.23377428805161,-0.06579976051009384,42.73409677419355,-0.07304927846215226,463.3709677419355,-0.018309579372188356
2011,10,Oct,10-Oct,1317427200000.0,45.315348181727416,-0.012564360418755083,46.48490322580645,-0.004868737896348785,476.28709677419346,0.011203789249046636
2008,6,Jun,06-Jun,1212278400000.0,40.21469744533,0.0029479679298536343,47.049033333333334,-0.0003433580919441903,533.8266666666667,0.0014115729618626727
2024,7,Jul,07-Jul,1719792000000.0,32.194600544104844,-0.01667578452867091,27.929611290322587,-0.016691759182902444,116.05929032258062,0.0005375744638707047
2015,8,Ago,08-Ago,1438387200000.0,59.58999192825484,0.01104246455240454,60.96224967741935,0.0024053584019343432,399.0659677419354,-0.004042665558888658
2015,5,May,05-May,1430438400000.0,60.09143218873549,-0.002845217253354293,62.18742806451612,-0.0021981686359522357,380.7307741935484,-0.05848461942381444
2008,7,Jul,07-Jul,1214870400000.0,41.07100495718226,0.021293396848661272,47.88106451612904,0.017684341714332863,526.9387096774193,-0.012902984094551484
2014,6,Jun,06-Jun,1401580800000.0,60.919746911055,-0.00791893689498635,64.72447266666667,-0.006443930590655955,400.78260000000006,-0.004821229223455736
2010,9,Sep,09-Sep,1283299200000.0,43.303409773305006,-0.0019212802024916042,45.11436666666667,-0.01019192052161455,458.21999999999997,-0.004637376497792833
2013,6,Jun,06-Jun,1370044800000.0,58.285496428205,0.032728981800091095,60.261318333333335,0.02287191030356195,456.2881,-0.03628556827031948
2020,1,Ene,01-Ene,1577836800000.0,51.53198558528226,0.15316256786969018,49.32516806451614,0.13747349636086348,193.05467741935485,0.06346745374969132
2012,8,Ago,08-Ago,1343779200000.0,47.49116743649516,0.029829460596233037,51.07076387096773,0.02676881690914401,468.56796774193543,-0.020058777825204488
2025,3,Mar,03-Mar,1740787200000.0,29.456916524743548,0.06552110701997482,25.43496387096775,0.057959262029356085,100.27858064516128,0.032215752139028275
2024,1,Ene,01-Ene,1704067200000.0,33.86952669300968,-0.009051697988455176,29.560412903225814,-0.008276193797804199,110.88025806451614,-0.06790768910370437
2006,11,Nov,11-Nov,1162339200000.0,33.137425593450004,-0.10574090507364231,45.3591,-0.11025752650784848,686.807,0.044046302639315194
2009,11,Nov,11-Nov,1257033600000.0,31.187696259655002,-0.07028427366005319,38.2843,-0.05699348929157699,419.09666666666664,-0.0701604841961121
2013,4,Abr,04-Abr,1364774400000.0,53.044760133930005,-0.06394574672561482,55.07777666666665,-0.06679765046453034,466.0990333333333,0.013969613433297834
2006,9,Sep,09-Sep,1157068800000.0,37.973529203545,-0.03204088074901901,51.179700000000004,-0.014132294878438811,669.9396666666665,-0.02187533949367193
2008,3,Mar,03-Mar,1204329600000.0,39.66049241910968,0.005406663642698595,47.80109677419355,-0.009043782466715888,541.8193548387097,-0.019570128642578455
2024,12,Dic,12-Dic,1733011200000.0,29.290534935164516,-0.04580388700938898,25.000606774193546,-0.04797991988855821,105.50993548387096,0.06971631514089993
2013,5,May,05-May,1367366400000.0,56.43832743670161,0.0639755424325299,58.913846129032265,0.0696482264631284,473.4681612903226,0.015810219352502264
2020,2,Feb,02-Feb,1580515200000.0,42.13373668416207,-0.18237699934085916,41.15410620689656,-0.16565705051287472,197.4686896551724,0.022864052271727164
2011,8,Ago,08-Ago,1312156800000.0,46.2580170316742,-0.0007976661984295808,47.09193548387096,-0.005729899888507806,464.99354838709667,-0.011167819119745626
2008,8,Ago,08-Ago,1217548800000.0,40.168575264532265,-0.021972427837858022,46.26490322580645,-0.0337536624687651,525.1064516129031,-0.0034771749178150735
2015,6,Jun,06-Jun,1433116800000.0,59.40087544012,-0.01149176718648659,60.88972066666666,-0.02086768078755652,396.88666666666666,0.04243390229576027
2016,3,Mar,03-Mar,1456790400000.0,58.03297896964356,0.016358080532826724,58.12404612903226,0.007067495502728116,326.73509677419355,0.006438740787316988
2016,2,Feb,02-Feb,1454284800000.0,57.098949751272414,-0.01665281388459372,57.7161375862069,-0.02003038257411538,324.6447931034483,0.023548828664494925
2013,8,Ago,08-Ago,1375315200000.0,58.32778295465323,0.006391694578034679,60.601996129032244,0.013883075521692767,457.2881290322581,0.008476263736873602
2011,9,Sep,09-Sep,1314835200000.0,45.891951196884996,-0.007913565221322583,46.712333333333326,-0.008060873834069726,471.01000000000005,0.012938785137497799
2023,4,Abr,04-Abr,1680307200000.0,37.65065764815999,-0.015705632166549965,33.086803999999994,-0.023332593692699244,129.1857,0.04394498584006579
2023,2,Feb,02-Feb,1675209600000.0,38.220978761533935,-0.01883288360820856,33.632535714285716,-0.022698866748867563,125.04578571428571,-0.01887987307995942
2016,1,Ene,01-Ene,1451606400000.0,58.06591055274677,0.02462193766912857,58.89584387096775,0.02327787692032479,317.1756774193548,0.01323107226044029
2017,11,Nov,11-Nov,1509494400000.0,56.061821392455,-0.03150479628463798,55.20639333333335,-0.027608209733270273,265.9094,0.014704240831006743
2020,7,Jul,07-Jul,1593561600000.0,45.141181285291935,0.09441888687751043,43.84974774193549,0.09005904371968554,182.94270967741934,-0.02035229982777076
2024,9,Sep,09-Sep,1725148800000.0,29.42910943894,-0.0792283180208394,25.530962999999996,-0.07899778728322016,107.21773333333333,-0.04840890424986333
2019,9,Sep,09-Sep,1567296000000.0,47.552977974295004,0.018995657088187512,47.62925133333333,0.013610659687071092,207.94160000000002,0.010401943500975674
2006,4,Abr,04-Abr,1143849600000.0,30.09721342226,-0.17670216784786819,39.9819,-0.22230747945554452,723.2706766666665,0.10290470828783249
2006,8,Ago,08-Ago,1154390400000.0,39.23050927288065,0.037938380971611396,51.91335483870968,0.026422184762039613,684.9225806451614,-0.02933535214171501
2022,12,Dic,12-Dic,1669852800000.0,39.54635633122742,0.005844153338298241,35.047898709677405,0.005138377843913355,129.72048387096774,0.01696835956816689
2018,1,Ene,01-Ene,1514764800000.0,50.55054640045161,-0.06892444804264553,50.57336258064515,-0.051308773061887414,271.7527096774194,0.0203126703178782
2014,11,Nov,11-Nov,1414800000000.0,56.316790085434995,-0.047162946327965805,58.207971666666666,-0.06958972501470662,396.61353333333335,-0.010461443483487765
2011,4,Abr,04-Abr,1301616000000.0,38.48923661964,-0.10282394470589207,39.52766666666666,-0.09534184128240397,463.4133333333333,0.001995740683908398
2017,8,Ago,08-Ago,1501545600000.0,59.80968409846936,0.0228080352313631,58.35199580645161,0.00784216122846737,291.2847096774193,0.005294989626780877
2019,12,Dic,12-Dic,1575158400000.0,44.68752890625,-0.15733827342463447,43.36379548387097,-0.12982584768274563,181.5332258064516,0.4146930675825591
2022,4,Abr,04-Abr,1648771200000.0,40.29406957588,-0.05576849584142429,36.34460633333333,-0.0590327013024422,147.08840000000004,0.00862543292070983
2006,6,Jun,06-Jun,1149120000000.0,37.709497230775,0.04258861326375363,49.63013333333333,0.03497452366553366,715.4313333333333,0.04283416559303577
2022,2,Feb,02-Feb,1643673600000.0,42.93505569345,-0.00592868443797212,38.91920678571428,-0.0060370725632006295,146.99492857142855,0.023880076681148887
2015,4,Abr,04-Abr,1427846400000.0,60.26289321224,-0.0032975499541015862,62.32442766666666,-0.005098258071024264,404.3808333333334,0.030248809708333546
2009,1,Ene,01-Ene,1230768000000.0,30.780586764546776,-0.16568561756649247,39.96954838709677,-0.08012225877315104,511.01612903225816,-0.03321188597374525
2023,10,Oct,10-Oct,1696118400000.0,34.636423720538716,-0.019654083799563016,30.343612903225807,-0.01650729797014805,118.79845161290324,-0.015766024212610197
2018,3,Mar,03-Mar,1519862400000.0,56.41710624124355,0.03307075016323813,55.63015161290322,0.03039825677211283,196.3887741935484,-0.23573078353617372
2006,7,Jul,07-Jul,1151712000000.0,37.79656865194355,0.002309005093218186,50.577,0.019078463084255315,705.622258064516,-0.013710715217231106
2007,1,Ene,01-Ene,1167609600000.0,32.71872442832903,-0.03779130717008672,46.8,0.031234873196067436,616.5909677419355,-0.0015216692915849261
2020,3,Mar,03-Mar,1583020800000.0,39.303986017949995,-0.06716116083945078,38.73445612903227,-0.05879486400943412,194.32,-0.015945260287444918
2016,5,May,05-May,1462060800000.0,56.28657012997742,-0.019100297958393186,56.3169370967742,-0.010704672759174194,325.6701935483871,0.0032045524715595963
2017,10,Oct,10-Oct,1506816000000.0,57.885492026588715,-0.0073559855515813455,56.77381677419355,-0.003072098464612538,262.056064516129,-0.028648859717867903
2016,7,Jul,07-Jul,1467331200000.0,55.44663481183064,-0.019874669390824162,55.033722258064515,-0.02544921471598871,313.3859354838711,-0.008783125518534995
2010,3,Mar,03-Mar,1267401600000.0,38.17247757603387,0.02430922971379057,41.96058064516129,0.019346084293497157,463.4225806451613,0.02577370852223093
2013,3,Mar,03-Mar,1362096000000.0,56.66846761111935,0.006181699497628035,59.0201864516129,0.005345722129953989,459.6775161290322,-0.0005967663385916255
2015,3,Mar,03-Mar,1425168000000.0,60.46227056978226,0.016216740389856543,62.643801935483886,0.013538716591314337,392.50793548387094,-0.024535827919493602
2007,4,Abr,04-Abr,1175385600000.0,35.86068159922001,0.005181005444287123,49.32036666666667,0.005018327563037772,601.1633333333334,0.026301408286784955
2019,2,Feb,02-Feb,1548979200000.0,52.19841256949464,0.2613344105186506,51.635997142857136,0.23416530948272318,215.6197857142857,-0.019278635681293177
2007,12,Dic,12-Dic,1196467200000.0,39.67326149156613,-0.0043037067706473975,48.867290322580644,0.00392230704525276,553.209677419355,0.018133596875020475
2022,8,Ago,08-Ago,1659312000000.0,42.35974955957419,-0.009461729651556894,37.78170870967742,-0.019480938771347045,117.25167741935485,0.02691743840349292
2013,12,Dic,12-Dic,1385856000000.0,56.6668416758613,0.028827185680096346,60.36478806451611,0.0313861671077349,456.4240000000001,-0.020399192809026356
2012,10,Oct,10-Oct,1349049600000.0,55.66388716571129,-0.00411790369549192,58.040567096774204,-0.014422704558751387,468.25835483870975,0.005754239586488685
2015,7,Jul,07-Jul,1435708800000.0,58.939158361301615,-0.0077729002375364065,60.815965483870976,-0.0012112911996994269,400.6858064516129,0.009572354286562668
2022,11,Nov,11-Nov,1667260800000.0,39.316584184515,0.01830013090129312,34.868730000000006,0.027401267126540674,127.55606666666667,-0.013100448379159468
2025,6,Jun,06-Jun,1748736000000.0,27.80570254065,0.027060304716230332,23.775335666666663,0.01187051846354148,101.49410000000002,-0.005207086410525252
2017,4,Abr,04-Abr,1491004800000.0,59.96947023696,0.054857615827694994,58.953490333333335,0.06427104331452971,275.46216666666663,-0.027974108077002846
2025,9,Sep,09-Sep,1756684800000.0,26.370271387715,-0.06188468982250628,22.00250666666666,-0.06493925146377,85.46373333333332,-0.08394217125973358
2023,5,May,05-May,1682899200000.0,33.84497050337904,-0.10107890226897376,29.50875064516129,-0.10814140147349094,124.20087096774193,-0.038586538852659835
2010,12,Dic,12-Dic,1291161600000.0,39.37918278329516,-0.067265546001542,40.807580645161295,-0.07656632525465978,448.57096774193536,-0.01075980209078109
2013,2,Feb,02-Feb,1359676800000.0,56.32031236446965,0.061661428306061694,58.706358571428595,0.056319472582540886,459.9520000000001,0.028394512243102854
2017,12,Dic,12-Dic,1512086400000.0,54.2926363968871,-0.03155775091898827,53.30855935483873,-0.0343770687397672,266.3425806451613,0.0016290535240999215
2011,3,Mar,03-Mar,1298937600000.0,42.900427839687104,-0.037333772265176646,43.693483870967746,-0.04144019438325475,462.49032258064517,0.02941477398173764
2020,9,Sep,09-Sep,1598918400000.0,45.6880104115,-0.018099375863485645,42.91034300000001,-0.01807859415601798,182.72736666666665,0.004507319774388341
2010,8,Ago,08-Ago,1280620800000.0,43.38676791154355,0.00965668511254325,45.57890322580645,0.012189722980378681,460.35483870967744,0.024266304932928806
2023,9,Sep,09-Sep,1693526400000.0,35.33081858981,0.023495240038020393,30.852911099999996,0.024185923278895016,120.70143333333333,-0.01698937205885609
2014,12,Dic,12-Dic,1417392000000.0,57.7284860547,0.02506705313146229,60.16474193548387,0.03361687777101774,393.5593548387097,-0.007700641147957987
2007,11,Nov,11-Nov,1193875200000.0,39.844741575659995,-0.0017951215707869839,48.67636666666667,-0.006170983999819191,543.3566666666668,-0.06902909044013328
2023,7,Jul,07-Jul,1688169600000.0,35.832630684024195,-0.006943797768584226,30.991901935483874,-0.01480984865579138,124.20203225806452,-0.027764370119316095
2019,10,Oct,10-Oct,1569888000000.0,54.23331350958387,0.1404819596976652,52.478396451612895,0.10181023179102322,202.36680645161292,-0.02680941931959313
2023,12,Dic,12-Dic,1701388800000.0,34.178903807854844,5.605176698764147e-05,29.80710225806452,-0.011362621084683,118.95845161290323,0.018546459910506963
2021,7,Jul,07-Jul,1625097600000.0,46.305185596200005,-0.011216000570483664,42.34124999999999,-0.011288614842699385,153.28335483870967,-0.012921709438345252
2008,2,Feb,02-Feb,1201824000000.0,39.447214598136206,-0.0016102738427835606,48.237344827586206,-0.008810731677213246,552.6344827586207,-0.015211914860214892
2006,12,Dic,12-Dic,1164931200000.0,34.003771398179026,0.026144028668909858,45.38248387096774,0.0005155276662840436,617.5306451612901,-0.10086728125763122
2011,2,Feb,02-Feb,1296518400000.0,44.56417666238571,0.18745248777892565,45.58242857142857,0.1761993232035035,449.275,0.016822904118389825
2006,5,May,05-May,1146441600000.0,36.16910519742581,0.20174265603854913,47.952999999999996,0.1993677138905352,686.0451612903227,-0.05146830443604444
2014,8,Ago,08-Ago,1406851200000.0,60.27131543508387,-0.01971382285261436,63.51656129032258,-0.02411691049411402,432.43880645161295,0.020446685105688145
2007,5,May,05-May,1177977600000.0,38.55303411731129,0.07507811893206862,49.79664516129032,0.009656831990779713,496.3877419354839,-0.17428806047915346
2023,8,Ago,08-Ago,1690848000000.0,34.519768346453226,-0.03663873716523702,30.124326451612898,-0.027993618645187235,122.78751612903226,-0.011388832399241378
2019,3,Mar,03-Mar,1551398400000.0,35.763661798785485,-0.3148515435949065,36.791090645161304,-0.28749142689402574,214.5446129032259,-0.004986429271776172
2020,8,Ago,08-Ago,1596240000000.0,46.530177584598384,0.030770047654003596,43.70038451612904,-0.0034062505144950572,181.90745161290323,-0.005658919485458491
2010,11,Nov,11-Nov,1288569600000.0,42.21907169236,-0.007184726289960031,44.19113333333333,-0.007346664116060331,453.45000000000005,-0.011501002074470024
2010,2,Feb,02-Feb,1264982400000.0,37.266556298335715,0.22738397685159217,41.16421428571429,0.127741842222044,451.7785714285714,-0.01621002435492558
2011,7,Jul,07-Jul,1309478400000.0,46.29494494441452,-0.0015409334058196222,47.36332258064516,0.001087590019244411,470.2451612903226,0.00700645566553959
2014,5,May,05-May,1398902400000.0,61.406017286922584,0.033750760615758324,65.1442577419355,0.029139973287324317,402.7242258064517,-0.039327188276127245
2016,4,Abr,04-Abr,1459468800000.0,57.38259478805501,-0.011207147955109464,56.92631466666664,-0.020606470852127523,324.62989999999996,-0.0064431302145924185
2025,5,May,05-May,1746057600000.0,27.073096305024198,0.03664346003970187,23.49642096774194,0.03230646157708761,102.02535483870967,-0.0035087812160259357
2013,1,Ene,01-Ene,1356998400000.0,53.049221590664516,-0.0378311465604354,55.576329032258066,-0.027705129037612908,447.25248387096775,-0.027220280770251848
2012,9,Sep,09-Sep,1346457600000.0,55.894053495155006,0.17693576536934197,58.889919000000006,0.15310433086114927,465.57930000000005,-0.006378301436903655
2024,11,Nov,11-Nov,1730419200000.0,30.69655654262,0.03943718887496961,26.260587666666673,0.02715194142105437,98.63356666666667,-0.04876046924622457
2024,2,Feb,02-Feb,1706745600000.0,32.085134342612065,-0.052684301335864214,27.998665862068957,-0.052832382493088526,109.01827586206896,-0.016792729697326036
2012,11,Nov,11-Nov,1351728000000.0,56.48983907526,0.014838200341450447,58.689386000000006,0.011178714056049532,446.90493333333336,-0.04560179500210204
2021,5,May,05-May,1619827200000.0,46.75173592657258,0.03246474570875546,42.972276451612906,0.031982298673498555,161.6561612903226,-0.016700383793666784
2020,12,Dic,12-Dic,1606780800000.0,48.288663104066124,-0.04058418684628706,45.20215774193548,-0.03653047522275066,175.14577419354842,-0.004873722103273415
2020,5,May,05-May,1588291200000.0,34.49438914127903,0.26641114014478595,34.133936451612904,0.27227487642737636,188.6875483870968,-0.009865536496777016
2018,5,May,05-May,1525132800000.0,55.995630024822574,0.07298021714638425,55.38665354838709,0.06846386140796934,257.00693548387096,-0.038044372715665964
2012,6,Jun,06-Jun,1338508800000.0,48.277225776109994,-0.04810073189887398,50.87163666666667,-0.009236074724941479,490.54463333333337,-0.00046775119407560517
2014,10,Oct,10-Oct,1412121600000.0,59.1043241532242,-0.016357188287884794,62.561617419354846,-0.013040925775310352,400.80654838709677,-0.03723946766770814
2022,5,May,05-May,1651363200000.0,41.375475035956455,0.026837831756854502,37.153500322580655,0.022256231965441575,143.05748387096776,-0.027404718040527132
2021,12,Dic,12-Dic,1638316800000.0,41.99696047150161,-0.019487575362888587,37.912056451612905,-0.006986189982924995,149.91306451612903,0.026813533369986153
2012,7,Jul,07-Jul,1341100800000.0,46.11556500723871,-0.04477599394166065,49.73930161290323,-0.022258671589101664,478.15925806451617,-0.025248212756210364
2025,8,Ago,08-Ago,1754006400000.0,28.10984012479839,-0.03220832945462415,23.530563870967736,-0.04134519191259234,93.29512903225807,-0.0708489375229503
2020,11,Nov,11-Nov,1604188800000.0,50.33131874837,0.030454715903532215,46.91602233333333,0.022966078415052937,176.0035666666667,-0.002786590846353465
2024,10,Oct,10-Oct,1727740800000.0,29.5319013704371,0.0034928658548223357,25.566410000000015,0.001388392596081145,103.68951612903226,-0.03290703034480369
2020,10,Oct,10-Oct,1601510400000.0,48.84379485248709,0.0690724855944429,45.86273516129033,0.06880374182257909,176.49538709677418,-0.03410534329683046
2022,3,Mar,03-Mar,1646092800000.0,42.67393049100483,-0.006081864765928535,38.62472838709677,-0.007566402887882018,145.8305483870968,-0.007921226913389368
2006,2,Feb,02-Feb,1138752000000.0,36.289096055030356,0.11517954976461486,51.08296428571429,0.02928596266993999,687.7535714285715,-0.0020706816750269974
2022,9,Sep,09-Sep,1661990400000.0,40.147868735435004,-0.052216569907440724,35.28683399999999,-0.06603393003870117,117.3042,0.00044794737099840276
2007,3,Mar,03-Mar,1172707200000.0,35.67584485280807,0.010892475877279928,49.07409677419355,0.012121007202624323,585.7570967741935,-0.013725133878385476
2007,9,Sep,09-Sep,1188604800000.0,39.613658145655,-0.0022732237243913156,49.3275,-0.006478685278119234,618.76,0.14988400184637873
2009,5,May,05-May,1241136000000.0,39.12493309471936,0.1894696366618056,44.513999999999996,0.11833449877105617,508.29354838709685,0.025026481471643658
2019,6,Jun,06-Jun,1559347200000.0,44.52394057601,0.05544207759700481,45.01085966666666,0.03548342148477257,214.00076666666664,-0.01615759356825841
2009,10,Oct,10-Oct,1254355200000.0,33.5454111144629,-0.018169824686431246,40.598129032258065,0.027070085135841637,450.71935483870976,-0.030731909338057695
2008,9,Sep,09-Sep,1220227200000.0,39.58717056416501,-0.014474118052193452,45.65586666666666,-0.013164116137177384,475.1233333333333,-0.09518663906345659
2024,4,Abr,04-Abr,1711929600000.0,33.156581942475,-0.0027845440927700693,29.037612666666668,-0.0042539909008177945,105.891,0.09372940482655912
2022,7,Jul,07-Jul,1656633600000.0,42.76437450990484,0.004626395746684553,38.53235516129031,0.0018250967948889585,114.17829032258065,-0.12423059417719429
2021,8,Ago,08-Ago,1627776000000.0,44.60518807368388,-0.036712897284135626,40.63313290322581,-0.04034167854690596,147.57135483870965,-0.03726432009535796
2007,7,Jul,07-Jul,1183248000000.0,40.59468448299193,0.006182960341285959,51.02951612903226,0.0027257604327748375,526.4709677419354,0.01858834587209146
2018,11,Nov,11-Nov,1541030400000.0,39.98415486716,-0.22831827288094253,39.96607966666668,-0.2034730753401114,239.10943333333339,-0.00265557374833858
2017,3,Mar,03-Mar,1488326400000.0,56.85077240486613,0.16000183248788336,55.39330483870968,0.13835219302024937,283.3897419354838,0.0331296182695191
2012,1,Ene,01-Ene,1325376000000.0,39.04649998745323,-0.07546742753465197,39.74338709677419,-0.06998415558476023,486.38709677419354,0.049671064081590055
2023,6,Jun,06-Jun,1685577600000.0,36.083185023675,0.06613137748406372,31.457786999999996,0.06604943659850604,127.74890000000002,0.028566861122733878
2015,10,Oct,10-Oct,1443657600000.0,59.0038879400613,-0.00971158906211178,59.76326451612903,-0.009791255712791158,317.6684193548387,-0.08584206616537327
2010,1,Ene,01-Ene,1262304000000.0,30.362589866888708,0.03978751156363636,36.50145161290323,0.01742364231271054,459.22258064516126,-0.0028578032738659775
2006,10,Oct,10-Oct,1159660800000.0,37.05573226088226,-0.02416938751579245,50.98003225806452,-0.0039013073921004837,657.831935483871,-0.01807286802860686
2011,5,May,05-May,1304208000000.0,40.6360955925,0.05577816453144502,41.763612903225805,0.05656661333983304,463.45483870967735,8.956448457264621e-05
2018,12,Dic,12-Dic,1543622400000.0,35.483180659195156,-0.11256894694707198,35.451284838709675,-0.11296566652551931,238.0158387096774,-0.004573615555064414
2009,4,Abr,04-Abr,1238544000000.0,32.89275479492,0.05229182463320803,39.80383333333334,0.001733123123318192,495.88333333333327,-0.004798282243011043
2010,10,Oct,10-Oct,1285891200000.0,42.52459929891291,-0.017984968815832225,44.518193548387096,-0.013214706585254254,458.725806451613,0.001103850664774697
2010,4,Abr,04-Abr,1270080000000.0,34.996374881725,-0.0832039965963054,39.30813333333333,-0.06321283621545482,457.96666666666664,-0.011773086177413128
2009,7,Jul,07-Jul,1246406400000.0,38.058947103362904,-0.051292238620106456,43.236645161290326,-0.040955278195041744,497.9,0.003385595098948091
2013,9,Sep,09-Sep,1377993600000.0,57.502074904945,-0.014156342104588049,60.06469633333332,-0.008866041220076615,455.79333333333335,-0.003268826816230974
2018,10,Oct,10-Oct,1538352000000.0,51.814308233569356,-0.05374155691342619,50.17542838709679,-0.06606797935082398,239.74609677419357,-0.005315868941326851
2006,3,Mar,03-Mar,1141171200000.0,36.55689623715484,0.007379632210137599,51.41093548387097,0.006420363476212776,655.7870967741936,-0.04647954730061021
2019,11,Nov,11-Nov,1572566400000.0,53.031397412415004,-0.02216195211742822,49.83346766666667,-0.050400335448224864,128.31986666666666,-0.36590457241144103
2017,1,Ene,01-Ene,1483228800000.0,43.94197547604678,-0.07174230176844265,44.57196709677421,-0.08035430584340542,277.8662258064516,-0.016450696608912185
2018,7,Jul,07-Jul,1530403200000.0,55.472941165480655,-0.0022273003890954657,54.67951612903225,-0.0010820161299358588,261.0903548387097,-0.013170478588889867
2010,7,Jul,07-Jul,1277942400000.0,42.971802743729036,-0.0010378372687902537,45.03,-0.0040585223439900675,449.44838709677407,-0.019905678228778645
2007,2,Feb,02-Feb,1170288000000.0,35.291433761882146,0.0786311012578953,48.48639285714285,0.03603403540903538,593.9085714285713,-0.03678678005360847
2015,12,Dic,12-Dic,1448928000000.0,56.67057127904033,-0.025041765965550522,57.55606096774194,-0.02954839621910832,313.0339032258065,-0.019476977716953336
2015,11,Nov,11-Nov,1446336000000.0,58.12615279378,-0.014875886605522304,59.308533000000004,-0.0076088801341549495,319.2519666666667,0.0049849063216420575
2009,8,Ago,08-Ago,1249084800000.0,35.25320125140967,-0.07372105813471952,41.12558064516129,-0.04882581681011333,483.2225806451611,-0.02947864903562747
2017,5,May,05-May,1493596800000.0,58.53091707519194,-0.02398809187548001,58.279355161290326,-0.011435034096053176,276.7598064516129,0.004710773173132399
2014,9,Sep,09-Sep,1409529600000.0,60.087181494620005,-0.0030550841496431724,63.388259,-0.0020199816821967476,416.3097,-0.03729800889971158
2018,6,Jun,06-Jun,1527811200000.0,55.596771877115,-0.00712302277036192,54.73874433333335,-0.011697930341426188,264.5749333333333,0.029446667792112136
2007,8,Ago,08-Ago,1185926400000.0,39.70391402496775,-0.02194303193555769,49.64916129032258,-0.02705012595493439,538.1064516129032,0.02210090315307056
2016,11,Nov,11-Nov,1477958400000.0,56.75433261268501,-0.031364657115175776,56.23365466666665,-0.02790440367235214,287.21813333333336,-0.010872897622906219
2015,1,Ene,01-Ene,1420070400000.0,58.40377989937259,0.01169775774186621,61.06579258064516,0.01497639009450924,391.0925806451613,-0.006267858108872315
2021,6,Jun,06-Jun,1622505600000.0,46.830435790745,0.0016833570478758109,42.824681333333324,-0.0034346590515346165,155.28996666666666,-0.03938108249535077
2025,2,Feb,02-Feb,1738368000000.0,27.6455495162625,0.04432863275863275,24.041534285714285,0.047603254960501884,97.14885714285712,-0.06883910577678998
2021,10,Oct,10-Oct,1633046400000.0,42.700276122866136,-0.014160786621377763,38.183316451612896,-0.017411793628124395,147.43125806451613,-0.0045735029320856935
2012,5,May,05-May,1335830400000.0,50.71673799310161,0.13703020538151378,51.34587096774194,0.15437158618558966,490.77419354838713,0.0006202082663304687
2024,6,Jun,06-Jun,1717200000000.0,32.740575323545,-0.010529190906606645,28.40371933333334,-0.013209738011307537,115.99693333333332,0.012285100726813214
2011,1,Ene,01-Ene,1293840000000.0,37.52922927109355,-0.04697795590076004,38.754,-0.05032350883572412,441.84193548387105,-0.015001042737869619
2016,8,Ago,08-Ago,1470009600000.0,58.269645721262904,0.05091401703661047,57.429696451612905,0.043536473551855526,309.07387096774204,-0.013759598079828295
2025,4,Abr,04-Abr,1743465600000.0,26.11611161275,-0.11341325929980828,22.761090666666664,-0.10512588961658109,102.3846,0.021001686913488804
2015,9,Sep,09-Sep,1441065600000.0,59.582528976765005,-0.00012523833698152576,60.354208000000014,-0.009974068880934994,347.49840000000006,-0.12922066001699906
2008,10,Oct,10-Oct,1222819200000.0,40.02390721822258,0.011032277574617,45.96790322580645,0.006834533695701639,516.0967741935484,0.08623748400811393
2009,6,Jun,06-Jun,1243814400000.0,40.116618259775,0.025346629032050316,45.08303333333333,0.012783244222791312,496.21999999999997,-0.023753101776342267
2021,4,Abr,04-Abr,1617235200000.0,45.281677772425,-0.07286425354842074,41.64051700000001,-0.0796181341097173,164.4017333333333,-0.010600208319744175
2008,1,Ene,01-Ene,1199145600000.0,39.510837866859674,-0.004094032570046813,48.66612903225807,-0.004116481372195557,561.1709677419354,0.014391090119244998
2019,5,May,05-May,1556668800000.0,42.18511041115645,0.1515100001529448,43.46845032258064,0.14775126219286627,217.51529032258063,0.004299130773243398
2021,1,Ene,01-Ene,1609459200000.0,46.795471758120975,-0.03092219270446972,43.959307096774204,-0.02749538312433797,161.69422580645164,-0.07680201505879247
2014,3,Mar,03-Mar,1393632000000.0,58.63794928751129,-0.04076601642568434,62.0695358064516,-0.050168517659949896,433.25351612903233,-0.04651504891273617
2014,7,Jul,07-Jul,1404172800000.0,61.483388055590325,0.009252191171415403,65.08624032258065,0.005589348835286723,423.77403225806455,0.05736634339431035
2023,11,Nov,11-Nov,1698796800000.0,34.17698812728,-0.013264521677111896,30.14968166666667,-0.006391171584532063,116.79236666666667,-0.01688645701185787
2017,7,Jul,07-Jul,1498867200000.0,58.47596229036291,0.2128501070817692,57.89795074193549,0.16638196443608777,289.7504838709678,0.056994497087179186
2009,2,Feb,02-Feb,1233446400000.0,32.89429408540179,0.06867014384825154,41.20092857142857,0.030807958408890057,500.61428571428576,-0.020355215279938443
2011,11,Nov,11-Nov,1320105600000.0,45.20848154686,-0.002358287846291107,46.101800000000004,-0.008241454735217424,472.0133333333334,-0.008973082558409673
2008,5,May,05-May,1209600000000.0,40.09649426613388,0.009376136413225433,47.06519354838709,-0.0030306793360959094,533.074193548387,-0.06384596254432162
2024,8,Ago,08-Ago,1722470400000.0,31.961353737208064,-0.0072449045167447546,27.720848709677423,-0.007474596709389214,112.67206451612904,-0.02918530517494089
2021,9,Sep,09-Sep,1630454400000.0,43.31363121226,-0.028955305810847376,38.859937666666674,-0.043639146427184805,148.10863333333333,0.0036408047836309354
2012,12,Dic,12-Dic,1354320000000.0,55.13504350200484,-0.023982995799478157,57.159952903225815,-0.026059790381419035,459.76748387096774,0.028781401990119804
2019,1,Ene,01-Ene,1546300800000.0,41.38348413727258,0.16628451476061268,41.838801290322586,0.18017729063061516,219.8583548387097,-0.07628687220733876
2008,12,Dic,12-Dic,1228089600000.0,36.893271184858065,-0.0716390089479475,43.45093548387097,-0.05091592503589182,528.5709677419355,0.02199221651712535
2019,4,Abr,04-Abr,1554076800000.0,36.634601875410006,0.024352653862029783,37.872709666666665,0.029398938779424677,216.58416666666668,0.009506431952969852
2024,3,Mar,03-Mar,1709251200000.0,33.24916571044355,0.03627946061879328,29.16166612903226,0.041537702999587145,96.81645161290324,-0.11192457551432566
2017,2,Feb,02-Feb,1485907200000.0,49.009209134555356,0.11531647368177111,48.66095500000001,0.09173900479527486,274.3022142857143,-0.01282635739695781
2007,10,Oct,10-Oct,1191196800000.0,39.916396359793545,0.007642268558622156,48.97861290322581,-0.0070728720647548204,583.6451612903227,-0.05675033730311807
2013,11,Nov,11-Nov,1383264000000.0,55.0790671792,-0.05771631702571145,58.52782400000001,-0.05052298298847857,465.9285666666667,0.017719286156040903
2013,7,Jul,07-Jul,1372636800000.0,57.95733735571935,-0.005630201209487318,59.77217451612903,-0.00811704474333974,453.4446129032258,-0.006231780089759553
2019,7,Jul,07-Jul,1561939200000.0,45.508846352245165,0.02212081328591675,46.51120806451613,0.033333031383103506,213.99561290322583,-2.4082920454304713e-05
2021,3,Mar,03-Mar,1614556800000.0,48.840396830487094,0.08001520918138771,45.242652580645164,0.07109392925606062,166.16309677419358,-0.011744678488157856
2016,9,Sep,09-Sep,1472688000000.0,59.90535900077,0.028071447136158056,59.475742,0.03562696087225503,296.62929999999994,-0.040264066738404214
2011,6,Jun,06-Jun,1306886400000.0,46.366392467474995,0.14101494721438268,47.31186666666667,0.13284898929355604,466.9733333333333,0.00759188237941788
2024,5,May,05-May,1714521600000.0,33.088975463100006,-0.0020390062972198697,28.783947741935474,-0.008735736220573886,114.58919354838709,0.08214289739814595
2018,9,Sep,09-Sep,1535760000000.0,54.757036634260004,-0.01614618738103335,53.72492566666667,-0.019752164289884133,241.0273666666667,-0.05376533351501933
2015,2,Feb,02-Feb,1422748800000.0,59.49741641393036,0.01872544065541759,61.80701428571428,0.012138083757616824,402.3806785714286,0.028862981516156516
