gestion,mes,mes_corto,mes_str,departamento,gas_natural,petroleo,glp_tmd
2023,11,Nov,11-Nov,TJ,15.46053192808,11.761363,0.7182666666666667
2025,9,Sep,09-Sep,SC,10.124905869455,9.214405333333332,37.41516666666667
2010,5,May,05-May,CH,1.9900287481306451,1.2838709677419355,172.93870967741935
2025,7,Jul,07-Jul,TJ,12.900437063941935,9.035784193548388,4.618354838709678
2024,8,Ago,08-Ago,CB,0.41824992241451614,1.1062512903225807,44.84116129032258
2016,12,Dic,12-Dic,SC,10.356742649462905,7.890619677419356,103.59845161290323
2014,9,Sep,09-Sep,TJ,40.774393200110005,43.505395,0.0
2024,6,Jun,06-Jun,TJ,14.493067869930002,10.844504,4.078833333333334
2022,11,Nov,11-Nov,CH,6.653698026735,6.457974333333334,16.8691
2008,4,Abr,04-Abr,TJ,27.554132813565,29.349933333333336,0.0
2022,7,Jul,07-Jul,CB,0.579188282666129,1.5502867741935482,56.91864516129032
2021,2,Feb,02-Feb,SC,15.801585058639287,13.840164285714287,66.6845
2020,4,Abr,04-Abr,CB,0.966460697765,2.4949223333333337,92.54006666666668
2014,6,Jun,06-Jun,CB,2.010895617585,5.5966070000000006,136.94993333333335
2024,2,Feb,02-Feb,CB,0.4954052436362069,1.2631355172413794,45.31313793103448
2015,7,Jul,07-Jul,TJ,40.408258217400004,42.50048516129032,0.0
2007,6,Jun,06-Jun,TJ,28.029592546860002,30.993166666666664,0.0
2016,6,Jun,06-Jun,SC,10.013529091139999,6.334251666666668,122.6315
2010,10,Oct,10-Oct,SC,8.124104265000001,5.339096774193548,101.84516129032258
2018,10,Oct,10-Oct,TJ,28.346388128337097,26.48560580645161,0.40587096774193543
2015,8,Ago,08-Ago,CH,6.802754180003227,7.773176451612903,115.80332258064516
2011,4,Abr,04-Abr,SC,8.001425287955,5.3885000000000005,102.01333333333332
2018,11,Nov,11-Nov,CH,4.498940540515,5.089792666666666,24.962266666666668
2017,7,Jul,07-Jul,SC,16.92224729880484,13.7643664516129,113.1891935483871
2020,5,May,05-May,CH,3.4767428429999994,3.855339677419355,21.69751612903226
2018,7,Jul,07-Jul,CH,6.6880654568225815,7.816667096774193,36.4128064516129
2016,6,Jun,06-Jun,CB,1.656108140565,4.083469,147.09406666666666
2023,3,Mar,03-Mar,CB,0.5624511974225807,1.4602748387096773,57.759838709677425
2013,7,Jul,07-Jul,CB,2.267806085269355,5.585241612903226,189.03496774193547
2021,11,Nov,11-Nov,CB,0.6545826874449999,1.7985466666666667,66.88889999999999
2011,9,Sep,09-Sep,CH,1.7215568759700002,1.2211666666666667,173.27
2023,1,Ene,01-Ene,TJ,17.13595182541452,13.576560322580644,0.1511290322580645
2009,12,Dic,12-Dic,SC,4.650311855080646,4.403354838709677,84.36129032258064
2010,7,Jul,07-Jul,SC,8.219982378759678,5.072709677419354,70.44516129032257
2021,6,Jun,06-Jun,TJ,23.655847407459998,20.358860333333332,0.0
2008,3,Mar,03-Mar,SC,6.351416475087097,5.921645161290321,101.20967741935483
2010,2,Feb,02-Feb,CH,2.0584721731125,1.2541071428571429,168.8857142857143
2006,12,Dic,12-Dic,CH,1.3807570094032258,1.358516129032258,142.38064516129032
2013,10,Oct,10-Oct,TJ,39.944012596117744,41.40140612903226,0.0
2019,10,Oct,10-Oct,CH,6.097867400187096,6.641006451612903,23.583516129032258
2013,1,Ene,01-Ene,CB,2.4381209766580647,5.944562258064517,185.68664516129033
2015,6,Jun,06-Jun,CB,1.72781489982,4.328523,145.54116666666667
2021,9,Sep,09-Sep,CB,0.6729971349999999,1.8424316666666667,67.04786666666666
2022,10,Oct,10-Oct,CB,0.5643438591387097,1.54174064516129,57.84290322580645
2023,3,Mar,03-Mar,TJ,16.828143098680645,13.257790645161291,0.16525806451612904
2006,4,Abr,04-Abr,CH,1.913092993265,1.4290000000000003,148.09333333333333
2018,11,Nov,11-Nov,TJ,22.285277887240003,21.586557333333335,0.3177
2019,11,Nov,11-Nov,SC,17.71782284036,15.519665666666667,78.41113333333334
2022,1,Ene,01-Ene,CB,0.6417685211661291,1.7116567741935484,65.46748387096774
2012,3,Mar,03-Mar,SC,9.254766855203226,6.38841935483871,118.5516129032258
2022,7,Jul,07-Jul,SC,15.903902123956447,14.31909967741936,33.38764516129032
2009,2,Feb,02-Feb,TJ,23.271889664517857,25.94385714285714,0.0
2015,2,Feb,02-Feb,TJ,40.51168348939285,42.59869821428571,0.0
2010,7,Jul,07-Jul,CB,2.562093972851613,6.5197419354838715,212.41612903225808
2025,7,Jul,07-Jul,SC,10.904654514580645,10.21807838709677,37.85258064516129
2015,3,Mar,03-Mar,CH,6.700522130482259,7.671191612903225,115.48464516129032
2013,3,Mar,03-Mar,SC,10.60175191047097,6.720359354838708,119.6017741935484
2016,3,Mar,03-Mar,SC,10.13126379393387,6.442727741935484,122.92816129032258
2010,5,May,05-May,SC,7.430412688848387,4.8423225806451615,77.2516129032258
2013,2,Feb,02-Feb,TJ,38.7475811530875,40.42924464285714,0.0
2006,5,May,05-May,CB,3.1580430903774195,14.116580645161292,275.92258064516136
2012,1,Ene,01-Ene,CH,1.6057572188225808,1.165290322580645,167.96774193548387
2024,9,Sep,09-Sep,LP,0.0,0.0,0.0
2020,8,Ago,08-Ago,CB,0.9469547422112905,2.2873529032258064,86.60948387096774
2019,6,Jun,06-Jun,CH,5.37026039786,6.28943,26.329600000000003
2012,9,Sep,09-Sep,SC,10.30565137911,6.482472,114.4011
2013,12,Dic,12-Dic,SC,10.436403429193549,7.0682877419354835,137.98945161290322
2016,5,May,05-May,SC,9.622158801570967,6.2349716129032275,125.7882258064516
2015,5,May,05-May,TJ,40.910386303301614,43.17115064516128,0.0
2014,4,Abr,04-Abr,TJ,41.33700559044,43.85921966666667,0.0
2012,8,Ago,08-Ago,TJ,31.56073699132258,33.749912580645166,0.0
2018,7,Jul,07-Jul,TJ,30.347423910096772,29.433914193548393,0.8434838709677419
2010,10,Oct,10-Oct,CH,1.7726466848080646,1.1788064516129033,161.78709677419354
2020,12,Dic,12-Dic,TJ,24.20773983003387,21.705027741935485,0.017806451612903226
2010,8,Ago,08-Ago,SC,8.499427669708064,5.241,81.71290322580646
2009,2,Feb,02-Feb,CH,1.8993304647964286,1.3223214285714286,171.61785714285716
2018,9,Sep,09-Sep,TJ,29.721180756579997,28.466064666666664,0.38373333333333337
2016,4,Abr,04-Abr,SC,10.11024434842,6.372410333333334,123.95976666666667
2006,8,Ago,08-Ago,CH,2.02445655705,1.3921935483870966,146.65806451612903
2013,9,Sep,09-Sep,TJ,39.377361583565005,40.76671233333334,0.0
2024,2,Feb,02-Feb,SC,11.330413378955171,10.706498965517241,43.93868965517241
2024,3,Mar,03-Mar,TJ,14.794526497379035,11.084265806451613,1.5015806451612903
2007,5,May,05-May,SC,6.728673646616128,6.127064516129032,130.90709677419355
2012,1,Ene,01-Ene,TJ,26.110988394275804,26.542741935483868,0.0
2010,1,Ene,01-Ene,TJ,22.101576372479034,23.94870967741935,0.0
2014,4,Abr,04-Abr,CH,5.813063251945,6.996908666666667,132.76273333333333
2024,9,Sep,09-Sep,CH,4.802032776175,4.278818333333334,19.325133333333333
2023,3,Mar,03-Mar,SC,14.384421779849998,13.029016774193547,48.01341935483871
2018,12,Dic,12-Dic,SC,10.788039332153225,9.476542258064516,93.4573870967742
2007,5,May,05-May,CH,2.1149252390129036,1.3271935483870967,146.16774193548386
2010,12,Dic,12-Dic,SC,8.135550666527418,5.334741935483872,91.85483870967742
2017,10,Oct,10-Oct,CH,6.298347044400001,7.1339022580645155,28.59932258064516
2007,10,Oct,10-Oct,SC,6.549792451379033,6.119290322580645,175.2
2009,8,Ago,08-Ago,CB,2.3193966456290327,7.863387096774193,222.15161290322578
2008,8,Ago,08-Ago,CB,3.3953346395903226,9.868129032258064,254.1774193548387
2021,10,Oct,10-Oct,CB,0.667390703182258,1.799268387096774,68.26148387096774
2017,10,Oct,10-Oct,CB,1.3247344052951615,3.6119325806451608,123.64277419354839
2011,1,Ene,01-Ene,TJ,25.15170851474032,26.483161290322585,0.0
2025,4,Abr,04-Abr,CB,0.340422339015,1.0420923333333334,39.037866666666666
2023,2,Feb,02-Feb,TJ,16.980940397180355,13.392445357142856,0.1378214285714286
2025,9,Sep,09-Sep,CB,0.26565264048500004,0.9812500000000001,28.618433333333332
2014,3,Mar,03-Mar,CB,1.9188968209306454,5.178459999999999,165.36593548387097
2017,11,Nov,11-Nov,TJ,31.414847423090002,30.60521333333333,0.3546666666666667
2020,4,Abr,04-Abr,CH,2.38410509332,2.766926333333333,21.7377
2016,6,Jun,06-Jun,TJ,37.847220006330005,37.905338666666665,0.0
2008,10,Oct,10-Oct,CH,2.324183106725806,1.4546774193548386,172.8548387096774
2010,11,Nov,11-Nov,CH,1.863729172555,1.2966333333333333,173.24333333333334
2014,12,Dic,12-Dic,SC,10.958325906691934,7.339995806451612,134.8644193548387
2014,9,Sep,09-Sep,CH,6.42201239172,7.336370666666666,128.64713333333333
2006,5,May,05-May,TJ,23.311052063806454,24.875096774193548,0.8935483870967742
2025,6,Jun,06-Jun,LP,0.0,0.0,0.0
2016,7,Jul,07-Jul,CB,1.6369669547564516,4.05408129032258,147.92358064516125
2025,1,Ene,01-Ene,CH,4.285104873396774,3.7682706451612904,18.61116129032258
2009,1,Ene,01-Ene,CH,1.3844756512209677,1.3557741935483871,170.6483870967742
2021,3,Mar,03-Mar,CH,5.824354946037097,6.043200000000001,21.741064516129033
2013,10,Oct,10-Oct,SC,10.370686414470967,7.146319032258064,130.65545161290322
2015,5,May,05-May,CB,1.75068925125,4.319870322580645,122.96174193548387
2008,1,Ene,01-Ene,CB,3.4260008746935493,11.800290322580647,300.8806451612903
2024,4,Abr,04-Abr,CH,5.610536421270001,5.014584,19.784133333333333
2019,12,Dic,12-Dic,CB,0.9572200570596774,2.313638064516129,86.02906451612904
2006,3,Mar,03-Mar,SC,7.341240187858064,7.644290322580645,254.39032258064515
2007,8,Ago,08-Ago,CH,2.222564893437097,1.3368064516129032,148.41612903225806
2009,11,Nov,11-Nov,SC,4.995187673395,4.595833333333333,79.36333333333333
2013,9,Sep,09-Sep,SC,10.565044107955,7.079854666666667,127.86436666666668
2009,10,Oct,10-Oct,CH,1.125018402585484,1.346516129032258,171.09354838709677
2021,10,Oct,10-Oct,TJ,20.967096488206447,17.3062564516129,0.0
2021,10,Oct,10-Oct,SC,16.32567429713226,14.235853548387096,60.16025806451613
2016,7,Jul,07-Jul,TJ,37.003539739098386,36.94058451612903,0.0
2018,3,Mar,03-Mar,CB,1.3998078553258062,3.388477419354839,129.7953870967742
2008,10,Oct,10-Oct,CB,3.3108389860838705,9.364548387096775,247.52258064516127
2017,6,Jun,06-Jun,CB,1.4130353562700002,3.4744436666666667,115.21453333333335
2021,8,Ago,08-Ago,CH,5.1109091699467735,5.297366129032259,23.13558064516129
2016,3,Mar,03-Mar,CH,7.101915306125807,8.18261677419355,48.67083870967742
2023,9,Sep,09-Sep,CH,5.934017732825001,5.492236,18.88693333333333
2019,1,Ene,01-Ene,TJ,23.748097067046775,22.796006774193547,0.22858064516129034
2017,12,Dic,12-Dic,SC,16.73685505496129,13.809900967741937,111.57816129032258
2012,4,Abr,04-Abr,SC,9.95946089775,6.9672,126.89333333333333
2006,11,Nov,11-Nov,TJ,21.48871545779,22.9088,1.14
2025,9,Sep,09-Sep,LP,0.0,0.0027086666666666665,0.0
2016,7,Jul,07-Jul,SC,10.057285566585483,6.293521935483871,120.10448387096775
2014,2,Feb,02-Feb,SC,10.687008758748215,7.341310714285713,144.1725
2009,4,Abr,04-Abr,TJ,23.033147605325002,25.260233333333332,0.0
2014,8,Ago,08-Ago,CH,6.263758468848388,7.201765806451613,130.78793548387097
2011,11,Nov,11-Nov,SC,8.9627172167,6.056233333333332,112.57
2024,3,Mar,03-Mar,CH,5.596459110343549,5.045420967741936,18.505387096774193
2011,8,Ago,08-Ago,SC,8.963991170467743,6.022677419354839,103.82580645161289
2011,7,Jul,07-Jul,SC,8.884480196008065,5.917032258064516,103.51290322580645
2014,12,Dic,12-Dic,TJ,39.38997515693225,41.62866419354839,0.0
2007,12,Dic,12-Dic,TJ,27.597042980574198,29.422645161290323,0.0
2016,3,Mar,03-Mar,CB,1.700697222745161,4.0592187096774195,155.1360967741936
2022,5,May,05-May,CH,4.934490627212902,4.931014193548386,22.74993548387097
2023,5,May,05-May,SC,12.301348429853228,11.271845161290324,45.20138709677419
2012,8,Ago,08-Ago,CB,2.3851008720967735,5.65589,188.75874193548387
2006,1,Ene,01-Ene,CB,2.845453383227419,14.4088064516129,269.68387096774194
2025,8,Ago,08-Ago,SC,10.652810844808066,9.807069354838708,37.65116129032258
2010,12,Dic,12-Dic,CB,2.165699177956452,5.745967741935484,184.63548387096776
2015,4,Abr,04-Abr,SC,10.917681392165,7.202105666666667,136.07526666666666
2018,4,Abr,04-Abr,CH,6.281518340445,7.290669666666666,33.9026
2007,1,Ene,01-Ene,TJ,22.36353463838226,25.48212903225806,0.9580645161290322
2009,12,Dic,12-Dic,CB,2.1465231898258064,7.0409354838709675,210.4967741935484
2018,9,Sep,09-Sep,SC,17.17223642804,14.600011000000004,101.34826666666666
2007,8,Ago,08-Ago,TJ,27.480757552432262,30.101483870967744,1.058064516129032
2025,2,Feb,02-Feb,LP,0.0,0.0,0.0
2006,2,Feb,02-Feb,SC,7.464595726655357,8.006214285714284,268.24285714285713
2024,10,Oct,10-Oct,SC,11.57001097179678,10.885137741935484,41.820096774193544
2008,11,Nov,11-Nov,CH,2.312781555435,1.4134666666666666,171.68333333333334
2006,9,Sep,09-Sep,CH,1.8253957088150001,1.4374666666666664,152.19666666666666
2021,2,Feb,02-Feb,CH,5.264435137987501,5.471297142857144,21.040714285714284
2009,3,Mar,03-Mar,CB,2.276218016612903,8.361774193548388,235.00967741935483
2006,9,Sep,09-Sep,CB,3.0512717889049994,13.575733333333332,253.91333333333336
2013,9,Sep,09-Sep,CB,2.1711973054350002,5.692861666666667,180.9483666666667
2013,4,Abr,04-Abr,SC,10.511137320609999,6.736029999999999,119.27083333333333
2009,5,May,05-May,CH,2.182273669674194,1.3588387096774193,174.68064516129033
2010,11,Nov,11-Nov,CB,2.260234920785,5.923666666666667,191.4533333333333
2021,8,Ago,08-Ago,TJ,22.08585778038871,18.740643225806455,0.0
2018,12,Dic,12-Dic,TJ,19.71989818544516,18.754619032258063,0.2584193548387097
2011,8,Ago,08-Ago,CB,2.4294030406451617,5.790483870967741,185.9290322580645
2023,2,Feb,02-Feb,SC,14.245110968378569,12.680244999999998,48.75
2012,3,Mar,03-Mar,TJ,34.50348615770322,35.361225806451614,0.0
2022,1,Ene,01-Ene,TJ,20.60538800766774,17.129278387096775,0.2801290322580645
2013,2,Feb,02-Feb,CH,4.810510975907143,5.81451,150.83482142857142
2011,12,Dic,12-Dic,TJ,29.599149321953227,30.184290322580644,0.0
2015,5,May,05-May,CH,6.820621198906452,7.797410645161291,119.80341935483871
2017,3,Mar,03-Mar,SC,16.291661193048384,12.859027419354842,101.92393548387096
2020,4,Abr,04-Abr,TJ,16.246206528705002,14.482615000000001,0.0235
2019,3,Mar,03-Mar,CH,4.22755315938871,4.939626451612903,25.293741935483872
2015,11,Nov,11-Nov,SC,10.61227566986,6.995086333333333,129.43669999999997
2021,7,Jul,07-Jul,TJ,23.335507774291933,20.170855806451613,0.0
2019,12,Dic,12-Dic,TJ,24.06403272973064,22.671019032258062,0.01625806451612903
2011,8,Ago,08-Ago,CH,1.7505878586580643,1.235967741935484,175.23870967741934
2011,10,Oct,10-Oct,TJ,32.19045897643065,33.52122580645162,0.0
2022,4,Abr,04-Abr,CH,4.4006961733350005,4.467095333333333,24.6223
2020,3,Mar,03-Mar,CB,1.028721930203226,2.590483870967742,99.15029032258064
2011,3,Mar,03-Mar,TJ,30.233194650643547,31.23058064516129,0.0
2015,12,Dic,12-Dic,SC,10.40826104752742,6.824191935483871,121.92696774193548
2022,3,Mar,03-Mar,CB,0.6115854994064517,1.6107167741935484,61.85441935483871
2011,2,Feb,02-Feb,CB,2.256373581182143,5.717321428571429,184.7392857142857
2008,3,Mar,03-Mar,TJ,27.603545808159684,29.35325806451613,0.0
2022,12,Dic,12-Dic,CB,0.5653769674403226,1.5066432258064517,59.09329032258065
2024,11,Nov,11-Nov,LP,0.0,0.0,0.0
2016,4,Abr,04-Abr,CH,6.952101935929999,7.939051999999999,47.403666666666666
2010,9,Sep,09-Sep,CB,2.3890728127050003,6.220433333333333,202.7566666666666
2025,6,Jun,06-Jun,SC,10.75626118874,10.012190999999998,38.04306666666667
2024,11,Nov,11-Nov,CB,0.38166583104,1.0469686666666667,36.13223333333334
2014,7,Jul,07-Jul,CB,1.9321555008580642,5.410602258064516,154.30425806451615
2018,2,Feb,02-Feb,CB,1.4135599596267858,3.4572642857142855,126.21389285714287
2013,11,Nov,11-Nov,SC,10.028943840385,7.018489333333334,134.41703333333334
2007,7,Jul,07-Jul,TJ,28.303594973859678,31.322709677419358,0.0
2024,8,Ago,08-Ago,TJ,14.204317479382258,10.590473548387097,4.618774193548386
2018,3,Mar,03-Mar,CH,7.033995057783872,8.219990322580644,33.23380645161291
2016,5,May,05-May,TJ,37.97199336458711,38.11952967741935,0.0
2022,10,Oct,10-Oct,CH,6.335834900012903,6.17095870967742,19.28690322580645
2007,2,Feb,02-Feb,CH,1.0780952942571427,1.3606785714285714,146.39285714285714
2022,8,Ago,08-Ago,TJ,18.619857071453225,15.107738709677417,0.8845806451612903
2017,10,Oct,10-Oct,TJ,32.42346280648549,31.53265774193548,0.33841935483870966
2009,2,Feb,02-Feb,CB,2.344249868576786,8.651964285714286,235.03214285714284
2012,8,Ago,08-Ago,SC,8.799090278109677,6.032206774193548,113.83509677419354
2019,3,Mar,03-Mar,TJ,20.532093038506453,19.703047419354835,0.4569354838709677
2017,6,Jun,06-Jun,TJ,27.537263522125,27.769234,1.2978
2025,5,May,05-May,LP,0.0,0.0,0.0
2007,5,May,05-May,CB,3.097229457938709,12.505645161290321,218.7225806451613
2025,5,May,05-May,TJ,11.732012584093548,8.740245483870968,3.2881290322580643
2023,8,Ago,08-Ago,CB,0.5224066042887096,1.4026790322580647,53.14716129032258
2023,8,Ago,08-Ago,TJ,15.594595344512904,11.751555161290321,1.3963225806451613
2009,11,Nov,11-Nov,CH,0.961018199195,1.2859666666666667,163.07333333333332
2019,9,Sep,09-Sep,TJ,25.110895530180002,24.715254333333334,0.6355333333333333
2019,2,Feb,02-Feb,SC,15.960689348260718,13.889808214285711,78.36882142857144
2012,10,Oct,10-Oct,SC,10.655186719867743,6.449390967741936,117.71774193548387
2008,4,Abr,04-Abr,CB,3.4157398530450003,10.676033333333335,299.74666666666667
2020,8,Ago,08-Ago,CH,5.084515125406452,5.31701,22.875645161290322
2006,7,Jul,07-Jul,SC,7.531681052022582,7.370032258064517,275.20612903225805
2020,9,Sep,09-Sep,SC,15.55944457292,13.572073666666666,73.80313333333334
2018,8,Ago,08-Ago,TJ,30.50936797524678,29.254047419354837,0.5621612903225806
2013,10,Oct,10-Oct,CH,5.987533991225806,7.421389677419355,143.95516129032256
2020,2,Feb,02-Feb,CB,1.0488463595689654,2.6551589655172414,100.28031034482758
2015,3,Mar,03-Mar,CB,1.859941139230645,4.461247741935484,146.50967741935486
2016,10,Oct,10-Oct,TJ,35.34413944501451,35.39039516129032,0.0
2012,9,Sep,09-Sep,CH,4.885252222745001,5.747746666666667,157.8055666666667
2007,3,Mar,03-Mar,CB,3.078178612016129,12.850000000000001,249.7516129032258
2025,9,Sep,09-Sep,TJ,11.779759573565,8.189318666666667,3.2310000000000003
2024,2,Feb,02-Feb,TJ,14.771203586886205,11.049578275862068,0.5793103448275863
2017,7,Jul,07-Jul,CH,6.650579428103226,7.5883493548387095,48.309161290322585
2016,11,Nov,11-Nov,CH,6.173288508059999,7.099455,43.24596666666667
2007,1,Ene,01-Ene,SC,6.5646286538854834,6.684677419354838,200.92000000000002
2024,4,Abr,04-Abr,TJ,14.8081079285,11.083345666666666,2.8895
2014,2,Feb,02-Feb,TJ,42.10832300874643,44.74093142857143,0.0
2008,12,Dic,12-Dic,CB,2.8079563931467746,9.232580645161292,254.3322580645161
2015,10,Oct,10-Oct,CB,1.7116768529709678,4.139273548387097,137.49403225806452
2009,9,Sep,09-Sep,CB,2.2761640928050006,7.571433333333333,205.18
2016,10,Oct,10-Oct,CB,1.5614413485725809,3.863166451612903,139.52470967741937
2013,11,Nov,11-Nov,CH,5.470802205469999,6.806545,142.33423333333334
2006,1,Ene,01-Ene,TJ,22.369604492196775,25.7828064516129,0.5516129032258065
2019,6,Jun,06-Jun,SC,15.430857757070001,13.938827,77.8276
2015,10,Oct,10-Oct,CH,6.705576231483871,7.642072903225808,50.36983870967742
2019,1,Ene,01-Ene,CH,4.984574913841936,5.676985161290323,21.656870967741938
2025,1,Ene,01-Ene,TJ,11.817477404627418,8.77495935483871,2.7764516129032257
2009,12,Dic,12-Dic,TJ,21.650553806700003,23.19709677419355,0.0
2021,9,Sep,09-Sep,SC,16.61214801294,14.463279000000002,60.6004
2017,2,Feb,02-Feb,CH,5.585735310460715,6.386118928571428,43.13121428571429
2013,8,Ago,08-Ago,TJ,39.88640881564355,41.76654483870968,0.0
2008,5,May,05-May,CB,3.3683331529451612,10.479387096774195,266.3741935483871
2017,9,Sep,09-Sep,SC,17.676500061155004,14.180478999999997,114.8878
2008,6,Jun,06-Jun,CB,3.35433098824,10.151766666666667,267.1
2012,11,Nov,11-Nov,TJ,38.761364379825,40.99586733333334,0.0
2024,1,Ene,01-Ene,SC,12.475324415912906,11.572040967741934,42.84267741935484
2020,7,Jul,07-Jul,CH,5.209447240712905,5.536333870967742,24.504516129032258
2006,3,Mar,03-Mar,TJ,24.671696802135482,28.39725806451613,0.6451612903225806
2018,10,Oct,10-Oct,CH,5.757673331520968,6.672435161290322,23.448354838709676
2012,7,Jul,07-Jul,TJ,30.725156073948384,32.84144193548387,0.0
2012,3,Mar,03-Mar,CB,2.5117813245290326,6.015354838709676,209.29032258064518
2006,6,Jun,06-Jun,TJ,24.688253329400002,26.6297,0.7
2006,7,Jul,07-Jul,CB,2.9498658301983873,14.18641935483871,276.9645161290323
2022,1,Ene,01-Ene,CH,4.923990556543548,5.085471612903226,19.830290322580645
2015,1,Ene,01-Ene,CB,1.6167880020677419,4.447676774193549,139.27551612903227
2006,10,Oct,10-Oct,TJ,25.434123421151618,28.407870967741935,0.0
2009,8,Ago,08-Ago,CH,1.9976468942274193,1.3424193548387096,173.53225806451613
2014,11,Nov,11-Nov,CH,5.375605675245,6.100733666666666,119.69096666666665
2025,3,Mar,03-Mar,CB,0.3422246608451613,1.0468025806451613,39.22748387096774
2015,1,Ene,01-Ene,CH,6.124880761640323,7.009805483870968,117.36687096774193
2021,4,Abr,04-Abr,SC,15.180668948370002,13.010774666666668,65.08963333333334
2014,6,Jun,06-Jun,SC,10.947185662075,7.384511333333333,133.88873333333333
2014,5,May,05-May,TJ,42.24099508480162,44.90525935483871,0.0
2009,9,Sep,09-Sep,SC,6.351080570260001,4.8821666666666665,85.41666666666666
2020,6,Jun,06-Jun,SC,13.98313048397,12.86957,67.46006666666666
2025,4,Abr,04-Abr,TJ,11.392585171304999,8.535786333333332,2.7754333333333334
2024,1,Ene,01-Ene,TJ,15.18573382804355,11.454055483870967,0.1921935483870968
2014,7,Jul,07-Jul,SC,10.965733046583871,7.287858064516129,135.4134516129032
2020,10,Oct,10-Oct,SC,17.03258070776613,14.869730322580647,70.49132258064516
2017,3,Mar,03-Mar,TJ,33.456239526919354,32.619429999999994,1.060967741935484
2014,2,Feb,02-Feb,CH,6.297442927832144,7.848550714285714,135.04953571428572
2020,2,Feb,02-Feb,CH,4.548671341091379,5.053251724137931,20.906206896551723
2008,8,Ago,08-Ago,TJ,27.882986531874195,29.170387096774192,0.0
2022,2,Feb,02-Feb,TJ,20.49377711076965,17.0816275,1.4692142857142858
2015,7,Jul,07-Jul,CH,6.940550366230646,7.921660967741936,119.15332258064517
2008,9,Sep,09-Sep,CH,1.7723903411950002,1.1361,130.80333333333334
2019,8,Ago,08-Ago,TJ,25.864545021832257,25.282144516129037,0.8651612903225806
2009,10,Oct,10-Oct,SC,5.444397625843547,4.717548387096775,82.76129032258063
2007,10,Oct,10-Oct,TJ,27.773463350201617,29.714935483870967,0.0
2021,11,Nov,11-Nov,TJ,20.73759590922,16.995275,0.0
2022,6,Jun,06-Jun,TJ,18.789404180380004,15.355739333333336,2.8418666666666663
2012,11,Nov,11-Nov,CH,4.6253497906,5.483683,150.27640000000002
2011,1,Ene,01-Ene,SC,8.430516331616127,5.41441935483871,91.23225806451613
2006,11,Nov,11-Nov,SC,7.027664506259999,7.296333333333333,248.46366666666665
2024,10,Oct,10-Oct,CB,0.3773622179080646,1.068371612903226,41.81225806451613
2012,11,Nov,11-Nov,SC,10.536487508625001,6.367675333333333,112.24473333333333
2020,1,Ene,01-Ene,SC,17.54042788392097,15.431337096774195,75.21735483870968
2010,1,Ene,01-Ene,CH,1.6171917455419353,1.2774516129032258,168.96451612903223
2006,10,Oct,10-Oct,CB,2.9654364439112904,13.68890322580645,260.0548387096774
2008,11,Nov,11-Nov,CB,3.1313490090200005,9.295066666666667,245.93666666666667
2010,9,Sep,09-Sep,TJ,30.555851058865,32.237700000000004,0.0
2021,1,Ene,01-Ene,TJ,24.258720207948386,21.875076451612905,0.0
2017,12,Dic,12-Dic,CH,5.925971332432258,6.618232903225806,26.509548387096775
2006,1,Ene,01-Ene,SC,6.615486629932258,7.961580645161289,268.1258064516129
2023,8,Ago,08-Ago,SC,12.750137618269356,11.690232903225807,48.689967741935476
2025,7,Jul,07-Jul,CH,4.893122449703226,4.21006870967742,19.48532258064516
2011,9,Sep,09-Sep,TJ,32.661044618635,33.57103333333333,0.0
2010,10,Oct,10-Oct,TJ,30.313341384058067,31.914774193548393,0.0
2022,6,Jun,06-Jun,SC,16.030832343185,14.453700333333332,46.76886666666667
2012,5,May,05-May,TJ,34.95674575463226,35.614161290322585,0.0
2023,3,Mar,03-Mar,CH,6.476404310646775,6.130165806451613,17.80909677419355
2019,4,Abr,04-Abr,CH,5.157790577255,5.917489000000001,25.129866666666665
2024,11,Nov,11-Nov,SC,11.4489366467,10.532052999999994,42.413366666666676
2023,11,Nov,11-Nov,SC,12.503361751200003,11.778076666666669,45.876266666666666
2012,12,Dic,12-Dic,CH,4.296025129582258,5.055625806451613,151.72290322580645
2011,1,Ene,01-Ene,CH,1.8283029967596776,1.2685161290322582,172.05161290322582
2010,11,Nov,11-Nov,TJ,29.783871430795,31.534599999999998,0.0
2018,5,May,05-May,CB,1.346584965580645,3.277580967741936,119.31461290322582
2016,3,Mar,03-Mar,TJ,39.0991026468387,39.43948290322581,0.0
2010,6,Jun,06-Jun,SC,8.140546915900002,5.0409,73.35666666666667
2025,1,Ene,01-Ene,LP,0.0,0.0,0.0
2019,6,Jun,06-Jun,CB,1.2044241784250003,2.8820403333333333,109.15379999999999
2017,12,Dic,12-Dic,CB,1.3601998897500005,3.4526574193548383,127.99867741935485
2017,7,Jul,07-Jul,CB,1.3781326768209674,3.4527393548387098,126.90932258064517
2014,1,Ene,01-Ene,SC,10.270078473314516,7.216651935483872,136.52735483870967
2024,6,Jun,06-Jun,CB,0.4481226463050001,1.1617546666666667,47.84
2007,11,Nov,11-Nov,CH,2.1337454396249997,1.3374666666666668,144.89
2019,7,Jul,07-Jul,SC,13.182050877532259,11.623683548387099,77.05203225806451
2017,5,May,05-May,CH,6.612265816606451,7.536988064516129,48.55967741935485
2011,10,Oct,10-Oct,CB,2.486875284783871,5.766451612903225,194.1
2017,8,Ago,08-Ago,CB,1.3505968238129031,3.3333222580645163,126.32083870967742
2023,9,Sep,09-Sep,TJ,15.909360607844999,11.959173433333335,0.8579333333333333
2007,4,Abr,04-Abr,TJ,25.226186641060004,29.0143,0.5966666666666666
2010,6,Jun,06-Jun,CB,2.6436479014699996,6.6216,216.27666666666664
2009,5,May,05-May,CB,2.8457740030451615,8.296612903225807,239.95806451612904
2006,7,Jul,07-Jul,CH,1.8535278294290323,1.4472580645161293,153.15806451612903
2019,10,Oct,10-Oct,CB,1.117840537833871,2.6693164516129033,102.0518064516129
2022,11,Nov,11-Nov,TJ,17.426693529930002,13.886082666666667,0.4195333333333333
2020,5,May,05-May,CB,0.9928024627016129,2.4973006451612902,95.36132258064517
2017,9,Sep,09-Sep,CB,1.3514311052000003,3.638138,124.97630000000001
2015,4,Abr,04-Abr,CH,6.662911385830001,7.606541666666667,117.70276666666668
2008,2,Feb,02-Feb,SC,6.319807310927587,5.954724137931034,107.03103448275863
2023,10,Oct,10-Oct,CB,0.5083504853274193,1.3423119354838708,52.84141935483871
2016,12,Dic,12-Dic,CB,1.4994813404322582,3.732091612903226,135.6254516129032
2020,2,Feb,02-Feb,SC,13.435265378927587,12.027970689655177,76.24324137931035
2009,1,Ene,01-Ene,SC,5.0048114136774196,5.124032258064517,97.41935483870967
2014,12,Dic,12-Dic,CB,1.696732863745161,4.689336774193547,142.58903225806455
2013,1,Ene,01-Ene,SC,9.709818634703225,6.383182903225806,113.60174193548387
2024,5,May,05-May,TJ,14.683637712779031,11.016865806451612,5.777096774193549
2015,12,Dic,12-Dic,CH,6.3062355707419355,7.407370322580645,47.24525806451613
2010,1,Ene,01-Ene,SC,4.565127462706451,4.1172258064516125,80.86774193548388
2014,10,Oct,10-Oct,CH,6.331164446656452,7.247358387096774,121.43812903225806
2020,8,Ago,08-Ago,SC,15.916385287572579,14.185445483870968,72.37441935483871
2011,7,Jul,07-Jul,CH,1.7846338468258065,1.2392258064516128,176.92903225806452
2009,2,Feb,02-Feb,SC,5.378824087510715,5.282785714285715,93.96428571428572
2022,12,Dic,12-Dic,SC,15.130010834477417,13.481986129032256,51.09919354838709
2014,1,Ene,01-Ene,CH,6.268312001017742,7.82581,125.02616129032259
2007,7,Jul,07-Jul,CB,3.313075103787097,12.233967741935484,253.56774193548384
2009,7,Jul,07-Jul,SC,6.9462996002274195,5.176612903225806,88.74193548387098
2021,8,Ago,08-Ago,CB,0.6832654946709678,1.8844403225806452,66.47551612903226
2013,12,Dic,12-Dic,CB,2.124986855230645,5.768133548387096,178.9333870967742
2013,8,Ago,08-Ago,CB,2.24355041962742,5.893539677419355,187.9397096774194
2009,4,Abr,04-Abr,CB,2.40815553792,8.301333333333332,234.08333333333334
2025,6,Jun,06-Jun,CB,0.349438424055,1.1032483333333334,38.85793333333333
2016,9,Sep,09-Sep,CH,6.844721609045,7.827410333333333,38.95283333333334
2025,8,Ago,08-Ago,CH,4.663602505645161,3.985264838709677,18.69677419354839
2024,8,Ago,08-Ago,LP,0.0,0.0037458064516129033,0.0
2019,9,Sep,09-Sep,CH,6.122098250525,6.778684666666667,26.067666666666664
2024,7,Jul,07-Jul,LP,0.0,0.0,0.0
2022,9,Sep,09-Sep,TJ,17.43429566026,14.045483333333333,0.6517000000000001
2020,1,Ene,01-Ene,CH,5.571146586783873,6.055452258064516,18.629709677419353
2007,1,Ene,01-Ene,CB,3.091313976629032,13.245354838709678,266.05483870967737
2015,12,Dic,12-Dic,CB,1.747814634251613,4.155177419354839,143.86167741935483
2006,8,Ago,08-Ago,SC,7.428427769008065,7.510387096774193,265.1225806451613
2019,5,May,05-May,TJ,21.507960198014516,21.432764193548394,0.39754838709677415
2013,1,Ene,01-Ene,CH,4.134081064432259,4.847583870967743,147.96409677419354
2022,9,Sep,09-Sep,SC,15.283633734444999,13.032268000000002,43.7682
2025,3,Mar,03-Mar,CH,5.063261045864515,4.352354838709678,17.895903225806453
2021,5,May,05-May,CB,0.7559365796854839,1.9910403225806452,74.3727741935484
2018,4,Abr,04-Abr,CB,1.36520630883,3.4141206666666664,129.70250000000001
2011,2,Feb,02-Feb,SC,8.31737485677857,5.299750000000001,91.86785714285713
2007,9,Sep,09-Sep,CB,3.3611383589800004,12.106833333333332,268.65
2014,5,May,05-May,SC,10.833760083541936,7.47927064516129,138.55709677419355
2011,2,Feb,02-Feb,TJ,32.1717926916,33.31760714285714,0.0
2019,11,Nov,11-Nov,CB,0.38370275645,1.0252926666666669,30.7048
2020,6,Jun,06-Jun,CH,4.668076141670001,4.962664666666666,23.24816666666667
2021,3,Mar,03-Mar,CB,0.7864219523274193,2.0410209677419355,78.47841935483872
2007,7,Jul,07-Jul,CH,2.197602219991935,1.3159354838709678,147.00645161290322
2019,8,Ago,08-Ago,CH,5.97896129325,6.784466451612904,26.39609677419355
2010,8,Ago,08-Ago,CH,1.9214855290887096,1.248258064516129,171.78064516129032
2013,6,Jun,06-Jun,CB,2.2953799072149996,5.780905666666667,195.6128666666667
2025,6,Jun,06-Jun,CH,4.534064761255,3.916882,20.664966666666665
2011,2,Feb,02-Feb,CH,1.818635532825,1.24775,172.66785714285714
2017,5,May,05-May,SC,16.27243587879194,13.362575483870964,102.95987096774194
2017,11,Nov,11-Nov,CH,6.25180735753,7.063201666666667,30.195366666666665
2012,7,Jul,07-Jul,CB,2.4235871250338703,5.754093548387097,198.55338709677417
2024,7,Jul,07-Jul,SC,12.15151210169516,11.314913548387098,42.25064516129032
2016,9,Sep,09-Sep,TJ,36.4044255285,36.574696333333335,0.0
2009,6,Jun,06-Jun,CH,2.262892929105,1.3482666666666667,163.74666666666664
2015,7,Jul,07-Jul,SC,9.833519423758066,6.16748129032258,129.13793548387096
2023,9,Sep,09-Sep,SC,12.982059988240003,12.018468333333335,47.7078
2022,4,Abr,04-Abr,SC,16.327879875265,14.634403666666667,57.66323333333334
2010,7,Jul,07-Jul,TJ,30.247728502267744,32.212935483870965,0.0
2006,5,May,05-May,SC,7.6677334683580645,7.548838709677419,263.79677419354834
2006,6,Jun,06-Jun,CB,3.104709460435,14.122833333333334,288.25666666666666
2011,11,Nov,11-Nov,CH,1.66392831064,1.206,169.42000000000002
2008,12,Dic,12-Dic,TJ,25.667258787541936,27.474774193548384,0.0
2023,5,May,05-May,CH,5.3043260437016135,5.016568387096774,21.606483870967743
2010,5,May,05-May,CB,2.5680478189258067,6.660064516129032,215.28709677419357
2018,6,Jun,06-Jun,CB,1.365426236365,3.216943333333333,124.43566666666668
2016,9,Sep,09-Sep,SC,15.04172382879,11.113316000000001,113.40913333333334
2007,1,Ene,01-Ene,CH,0.699247159432258,1.3878387096774192,148.65806451612906
2008,9,Sep,09-Sep,CB,3.4018089067400004,9.774899999999999,247.0
2010,9,Sep,09-Sep,CH,1.896004718185,1.2432666666666667,171.72333333333333
2020,8,Ago,08-Ago,TJ,24.582322429408066,21.91057612903226,0.047903225806451614
2018,11,Nov,11-Nov,SC,11.88610916711,10.235524,94.66636666666668
2022,4,Abr,04-Abr,TJ,18.97778485669,15.727154666666666,4.9434000000000005
2006,2,Feb,02-Feb,TJ,24.271013309389286,27.909928571428576,0.6107142857142858
2023,6,Jun,06-Jun,CB,0.54534288741,1.4630893333333335,57.1545
2024,10,Oct,10-Oct,LP,0.0,0.0042667741935483875,0.0
2020,11,Nov,11-Nov,CB,0.841577725895,2.1077776666666668,84.13503333333333
2017,1,Ene,01-Ene,CH,5.107944121717742,5.928315161290322,39.8851935483871
2018,7,Jul,07-Jul,SC,17.089261906998384,14.07807290322581,101.14825806451613
2025,7,Jul,07-Jul,LP,0.0,0.0,0.0
2012,4,Abr,04-Abr,TJ,30.285013603144996,30.238233333333334,0.0
2021,5,May,05-May,SC,16.30503131348226,14.095558064516132,63.87019354838709
2016,10,Oct,10-Oct,SC,15.123329884770971,11.11595870967742,105.43167741935484
2006,12,Dic,12-Dic,CB,3.151881891885484,13.350741935483871,259.2967741935484
2018,1,Ene,01-Ene,TJ,27.48540516961936,26.799594516129034,0.350483870967742
2013,5,May,05-May,SC,11.061877886801613,6.874393225806451,117.99832258064517
2021,5,May,05-May,TJ,23.94193778010484,20.941935806451617,0.0
2024,11,Nov,11-Nov,TJ,13.620800342004998,10.138799999999998,2.8799
2006,3,Mar,03-Mar,CH,1.6064468711370967,1.4453225806451613,147.9225806451613
2024,9,Sep,09-Sep,TJ,13.48430274216,9.954083333333333,4.038166666666666
2009,3,Mar,03-Mar,TJ,22.443195418112907,25.033709677419356,0.0
2011,12,Dic,12-Dic,CH,1.6336264799032258,1.1942903225806452,168.8709677419355
2014,11,Nov,11-Nov,CB,1.70852168602,4.909753666666666,144.67893333333333
2012,12,Dic,12-Dic,TJ,38.072869859095164,39.83166483870967,0.0
2007,8,Ago,08-Ago,SC,6.737572445090323,6.135354838709677,122.93548387096774
2024,4,Abr,04-Abr,SC,12.254364137989995,11.683623666666668,41.4121
2006,7,Jul,07-Jul,TJ,25.461493940293547,27.573290322580647,0.29354838709677417
2023,11,Nov,11-Nov,CH,5.706678734285,5.249015666666666,16.7049
2016,2,Feb,02-Feb,CH,6.552144135848276,7.691682413793104,44.323241379310346
2006,12,Dic,12-Dic,TJ,22.390019114153226,23.762870967741932,0.9806451612903225
2022,8,Ago,08-Ago,SC,15.84650295555968,14.0283270967742,37.599225806451614
2019,8,Ago,08-Ago,CB,1.1621353988080645,2.7824393548387096,104.57796774193548
2014,8,Ago,08-Ago,TJ,41.02248631832419,43.671827096774194,0.0
2010,5,May,05-May,TJ,29.74180321812581,31.66277419354839,0.0
2011,3,Mar,03-Mar,SC,8.338482915329033,5.32158064516129,94.88709677419354
2015,11,Nov,11-Nov,TJ,39.08483436464,40.32955666666667,0.0
2012,2,Feb,02-Feb,CH,1.6068591821120688,1.1921379310344826,169.6448275862069
2015,9,Sep,09-Sep,CH,6.7157685619350005,7.635198333333333,62.931066666666666
2024,9,Sep,09-Sep,CB,0.403470749435,1.072412,42.89476666666667
2006,1,Ene,01-Ene,CH,0.7104898623290323,1.4763225806451614,150.81935483870967
2009,4,Abr,04-Abr,CH,1.8822446168750002,1.3072666666666666,173.68333333333334
2024,8,Ago,08-Ago,CH,5.359401403504839,4.796326774193548,20.44409677419355
2008,5,May,05-May,SC,6.463816100651614,5.841580645161291,94.03548387096774
2007,12,Dic,12-Dic,CB,3.532316944741935,11.909774193548389,299.6677419354839
2016,11,Nov,11-Nov,TJ,33.725501439195,33.525359333333334,1.1073666666666666
2020,3,Mar,03-Mar,SC,12.744784820172582,11.567471612903228,75.37093548387097
2016,1,Ene,01-Ene,TJ,39.316639996112904,40.05925580645161,0.0
2013,5,May,05-May,CB,2.3734334164500006,6.099190322580645,205.3813870967742
2023,2,Feb,02-Feb,CB,0.5637197140071429,1.432779642857143,58.60707142857143
2025,8,Ago,08-Ago,CB,0.2977443701758065,1.0384216129032258,32.831548387096774
2010,8,Ago,08-Ago,CB,2.4854402599016128,6.412774193548387,206.86129032258063
2018,1,Ene,01-Ene,CH,5.945214002177419,7.061016129032258,30.948193548387096
2011,6,Jun,06-Jun,SC,8.901538662275,5.888066666666666,105.12666666666667
2008,10,Oct,10-Oct,SC,6.4705134924,5.541903225806452,95.71935483870968
2025,5,May,05-May,CH,4.422405971472582,3.8367677419354838,20.457903225806454
2018,6,Jun,06-Jun,SC,16.70511600707,13.83781033333334,102.97323333333334
2018,1,Ene,01-Ene,CB,1.4258940683032257,3.521034516129032,133.13993548387094
2009,10,Oct,10-Oct,CB,2.2204977633870975,7.376903225806451,196.86451612903224
2020,7,Jul,07-Jul,SC,15.543017572408067,14.178421612903225,64.87522580645161
2012,6,Jun,06-Jun,CH,4.4749684392,5.111797999999999,163.61
2017,12,Dic,12-Dic,TJ,30.269610119743554,29.427768064516133,0.2561935483870968
2019,9,Sep,09-Sep,SC,15.177251104574998,13.462345333333332,77.0509
2009,11,Nov,11-Nov,CB,2.1326552408999997,7.191200000000001,176.66
2006,11,Nov,11-Nov,CB,3.0913646729250006,13.7706,288.1933333333333
2012,5,May,05-May,CH,3.4258885207403225,3.588032258064516,170.21290322580646
2016,5,May,05-May,CB,1.6930900380096774,3.9203474193548384,152.64970967741934
2017,8,Ago,08-Ago,TJ,33.93223664095162,33.22128129032257,1.0750645161290322
2022,9,Sep,09-Sep,CH,6.922221051915001,6.768284666666666,20.2638
2013,2,Feb,02-Feb,SC,10.392755223289285,6.5927139285714285,112.45610714285715
2020,3,Mar,03-Mar,TJ,21.17881700842258,19.82453548387097,0.0008709677419354838
2020,2,Feb,02-Feb,TJ,23.10095360457414,21.41772482758621,0.03893103448275862
2010,6,Jun,06-Jun,CH,1.9462133249200002,1.2220666666666666,168.94333333333333
2019,3,Mar,03-Mar,SC,9.752152325453226,9.139463225806448,77.15177419354839
2014,9,Sep,09-Sep,CB,1.8091626026050003,5.113371999999999,158.62563333333333
2006,11,Nov,11-Nov,CH,1.529680956475,1.3833666666666666,149.01000000000002
2014,2,Feb,02-Feb,CB,2.0372001508660715,5.4171525,175.16742857142853
2012,6,Jun,06-Jun,SC,9.135069612015,6.2292536666666685,126.26683333333334
2011,5,May,05-May,TJ,28.337039914050003,29.265645161290323,0.0
2007,10,Oct,10-Oct,CB,3.428742128462904,11.804096774193548,265.7483870967742
2021,4,Abr,04-Abr,CH,5.57159131357,5.730966666666667,22.09176666666667
2006,10,Oct,10-Oct,CH,1.5915649962919356,1.4354193548387097,150.88709677419354
2022,10,Oct,10-Oct,SC,14.82098813698065,12.841040967741932,51.481548387096765
2022,11,Nov,11-Nov,CB,0.5639404505950001,1.5127159999999997,58.991366666666664
2008,8,Ago,08-Ago,SC,6.53294575252258,5.754870967741935,91.08709677419355
2022,3,Mar,03-Mar,TJ,20.31600258892258,16.91422225806452,3.097967741935484
2007,11,Nov,11-Nov,SC,6.555870861144999,6.247100000000001,114.62333333333333
2006,8,Ago,08-Ago,CB,2.911039775061291,13.98709677419355,258.2258064516129
2013,8,Ago,08-Ago,CH,5.053731055669355,5.716539032258065,149.80548387096775
2022,8,Ago,08-Ago,CB,0.5727493963548387,1.5579187096774194,58.245387096774195
2013,6,Jun,06-Jun,SC,11.130164427300002,7.125615,110.68333333333334
2019,2,Feb,02-Feb,TJ,28.44209542755,27.346824285714284,0.29125
2024,8,Ago,08-Ago,SC,11.979384931906457,11.224051290322583,42.768032258064515
2012,7,Jul,07-Jul,SC,8.413205601798388,5.81991,110.77438709677419
2017,1,Ene,01-Ene,CB,1.485588728443548,3.681438387096774,134.94212903225807
2025,1,Ene,01-Ene,CB,0.35769570885967744,1.0549245161290322,40.83651612903226
2024,2,Feb,02-Feb,CH,5.488112133134483,4.979453103448276,19.187137931034485
2022,7,Jul,07-Jul,CH,7.437107340256452,7.236034838709678,22.22632258064516
2015,2,Feb,02-Feb,CB,1.9669318875910713,4.7776853571428575,156.80864285714287
2011,3,Mar,03-Mar,CB,2.5397775547112897,5.888354838709677,196.30645161290326
2025,2,Feb,02-Feb,CB,0.35258118987857145,1.0508039285714286,38.03107142857142
2022,2,Feb,02-Feb,SC,16.80561358645715,15.10058964285714,57.01975
2015,9,Sep,09-Sep,SC,10.528452130490003,6.595756000000001,129.13113333333334
2014,4,Abr,04-Abr,SC,10.459775274185,7.416406333333334,140.2527
2019,12,Dic,12-Dic,SC,15.047923940114519,13.341040967741934,76.6561935483871
2011,6,Jun,06-Jun,CH,1.746344502565,1.225266666666667,172.98666666666668
2023,4,Abr,04-Abr,CB,0.55666396404,1.4391786666666668,58.842800000000004
2022,1,Ene,01-Ene,SC,17.019975142282256,15.229185161290323,57.98864516129032
2016,2,Feb,02-Feb,CB,1.7219691302482762,4.152848965517242,156.08462068965517
2015,8,Ago,08-Ago,CB,1.7851006181274198,4.178941612903226,157.44383870967744
2020,7,Jul,07-Jul,TJ,23.42411485172903,21.736909032258065,0.32170967741935486
2017,7,Jul,07-Jul,TJ,33.52500288663387,33.092495580645156,1.3428064516129032
2016,10,Oct,10-Oct,CH,6.563141562537097,7.478344516129033,45.41896774193548
2023,4,Abr,04-Abr,SC,14.051991399800002,12.848278333333337,47.814366666666665
2006,4,Abr,04-Abr,SC,7.839531249239999,7.593066666666666,258.00067666666666
2022,9,Sep,09-Sep,CB,0.5077182888149999,1.440798,52.6205
2016,8,Ago,08-Ago,TJ,35.60632881295162,35.55426967741935,0.0
2015,3,Mar,03-Mar,SC,10.772697993580646,7.122053548387095,130.5136129032258
2019,1,Ene,01-Ene,SC,11.37773590650968,10.28724838709677,82.23629032258064
2014,10,Oct,10-Oct,CB,1.7614350391016131,5.365576129032258,154.24296774193547
2023,6,Jun,06-Jun,CH,6.22269386015,5.751479,23.009966666666667
2019,5,May,05-May,CB,1.2294664739806451,2.940534193548387,110.88106451612903
2025,8,Ago,08-Ago,TJ,12.495682404169354,8.69956612903226,4.115645161290323
2019,5,May,05-May,SC,14.262094814743547,12.998321290322583,81.04025806451614
2009,10,Oct,10-Oct,TJ,24.755497322646775,27.15716129032258,0.0
2006,9,Sep,09-Sep,TJ,25.996151053305002,28.65233333333333,0.0
2014,1,Ene,01-Ene,TJ,40.64067104739193,42.8948929032258,0.0
2012,5,May,05-May,SC,9.948262040298387,6.629935483870967,126.11290322580643
2019,7,Jul,07-Jul,CB,1.17806591055,2.858753870967742,106.61967741935483
2021,1,Ene,01-Ene,CB,0.7972490369419356,2.097571935483871,77.72351612903226
2008,3,Mar,03-Mar,CB,3.337423941,11.088935483870968,273.99677419354845
2024,3,Mar,03-Mar,SC,12.366224160096774,11.71803677419355,41.00658064516129
2012,5,May,05-May,CB,2.385841677430646,5.513741935483871,194.4483870967742
2007,3,Mar,03-Mar,CH,0.9927092911306453,1.3315161290322581,146.68064516129033
2013,7,Jul,07-Jul,SC,11.140508298570964,7.170457419354839,112.82254838709677
2013,6,Jun,06-Jun,CH,4.90279639911,5.519597666666666,149.9919
2014,6,Jun,06-Jun,CH,6.4466943020750005,7.556428333333334,129.94393333333335
2008,7,Jul,07-Jul,CH,2.3632046394725807,1.4577096774193548,176.63870967741937
2024,5,May,05-May,CH,5.561523425017742,4.951316774193549,22.17341935483871
2017,6,Jun,06-Jun,CH,5.732230915830001,6.566309333333334,52.583600000000004
2008,2,Feb,02-Feb,CH,2.2545885734431033,1.3955517241379312,158.59655172413792
2007,3,Mar,03-Mar,SC,6.346601697140324,6.373258064516128,188.70548387096773
2010,2,Feb,02-Feb,CB,2.361386619407143,6.900892857142857,205.67142857142855
2021,9,Sep,09-Sep,CH,4.800875560904999,4.931141666666666,20.46036666666667
2021,11,Nov,11-Nov,SC,16.767062892025,14.653165666666666,60.19296666666666
2017,8,Ago,08-Ago,SC,17.811114133751612,14.20560774193548,114.03135483870967
2009,1,Ene,01-Ene,CB,2.3211111852241935,9.087322580645163,242.94838709677418
2015,11,Nov,11-Nov,CH,6.709493547975001,7.836005666666665,47.3923
2014,8,Ago,08-Ago,SC,11.102855109091937,7.571232580645163,135.8517419354839
2009,12,Dic,12-Dic,CH,0.7533752749306452,1.2349677419354839,165.68064516129033
2017,4,Abr,04-Abr,CH,6.589554698115,7.509404666666667,46.64626666666667
2017,2,Feb,02-Feb,TJ,29.26766004219107,29.18727392857143,1.328892857142857
2020,12,Dic,12-Dic,CB,0.8159701285790322,1.9921761290322582,81.76158064516129
2011,12,Dic,12-Dic,SC,8.686619403696774,5.811935483870968,107.49032258064514
2025,6,Jun,06-Jun,TJ,12.1659381666,8.743014333333333,3.9281333333333333
2015,9,Sep,09-Sep,TJ,40.572338316934996,42.01227200000001,0.0
2015,1,Ene,01-Ene,SC,10.610375761466129,7.26702935483871,134.4501935483871
2017,9,Sep,09-Sep,TJ,32.881402569755,31.899564999999992,0.3165
2010,4,Abr,04-Abr,TJ,24.973752306155,26.9238,0.0
2007,8,Ago,08-Ago,CB,3.263019134008064,12.075516129032259,265.6967741935484
2013,8,Ago,08-Ago,SC,11.144092663712904,7.225372580645162,119.54293548387096
2016,1,Ene,01-Ene,CH,6.7303516483403225,7.913878064516129,46.323580645161286
2018,5,May,05-May,CH,6.845301617298388,7.997694516129032,33.92841935483871
2006,10,Oct,10-Oct,SC,7.064607399527421,7.44783870967742,246.89000000000004
2017,4,Abr,04-Abr,TJ,35.27901008105,34.72040733333333,1.0285333333333333
2011,4,Abr,04-Abr,CB,2.5147420491100005,5.905766666666667,193.58666666666667
2011,6,Jun,06-Jun,TJ,33.246555901665,34.28583333333333,0.0
2014,7,Jul,07-Jul,TJ,42.0849911640242,44.86937451612902,0.0
2017,1,Ene,01-Ene,TJ,26.718815973653225,26.746416129032255,1.1677419354838712
2007,9,Sep,09-Sep,CH,2.1782642473000005,1.3199666666666667,145.87
2020,11,Nov,11-Nov,CH,5.85748767012,6.107758666666666,18.672233333333335
2007,6,Jun,06-Jun,CH,2.19836543522,1.3207999999999998,147.31666666666666
2024,5,May,05-May,SC,12.377618495158064,11.628400967741934,42.14096774193549
2021,11,Nov,11-Nov,CH,4.6724039002449995,4.731793333333333,18.91646666666667
2024,9,Sep,09-Sep,SC,10.73930317117,10.225649333333333,40.959666666666664
2025,3,Mar,03-Mar,TJ,12.92852646569516,9.623774516129032,2.0273870967741936
2024,4,Abr,04-Abr,CB,0.483573454715,1.2560593333333334,41.80526666666666
2008,7,Jul,07-Jul,CB,3.4217789237032252,10.083935483870967,261.1967741935484
2023,4,Abr,04-Abr,TJ,16.717090259040003,12.845845333333333,0.5830666666666666
2018,5,May,05-May,SC,16.572124063703225,13.811884193548389,103.19754838709679
2020,5,May,05-May,TJ,18.339374104969355,16.920187741935486,0.1982258064516129
2014,10,Oct,10-Oct,TJ,40.00002423886452,42.56337967741936,0.0
2018,1,Ene,01-Ene,SC,15.694033160351614,13.191717419354838,107.31409677419354
2008,11,Nov,11-Nov,TJ,27.648299554344998,29.541233333333334,0.0
2009,5,May,05-May,SC,6.533017001370967,5.27483870967742,93.65483870967742
2009,6,Jun,06-Jun,SC,6.711777773874999,5.221233333333333,90.07
2018,9,Sep,09-Sep,CB,1.33489595259,3.127049333333333,114.3542
2023,1,Ene,01-Ene,SC,14.679943734024196,13.047334193548387,48.830451612903225
2024,3,Mar,03-Mar,CB,0.49195594262419357,1.3130367741935485,35.80290322580645
2014,11,Nov,11-Nov,TJ,38.28704487169,39.889326999999994,0.0
2018,8,Ago,08-Ago,CB,1.3475431712467743,3.1984845161290325,118.61174193548388
2018,6,Jun,06-Jun,CH,6.829192648505,8.034171333333333,36.427933333333335
2018,7,Jul,07-Jul,CB,1.3481898915629034,3.3508619354838713,122.68580645161292
2008,1,Ene,01-Ene,CH,2.0594214726725806,1.349741935483871,156.10322580645163
2021,6,Jun,06-Jun,CB,0.6916145199800001,1.9248573333333334,67.5214
2020,6,Jun,06-Jun,CB,0.9806700930950001,2.3975313333333332,95.71363333333333
2025,2,Feb,02-Feb,CH,4.593100269503572,3.94974,17.047964285714286
2014,5,May,05-May,CB,1.8420101790532257,5.118796774193548,130.48812903225803
2007,2,Feb,02-Feb,TJ,24.664293903246428,27.79271428571429,0.6071428571428571
2022,5,May,05-May,SC,16.27551145408065,14.45597741935484,57.30422580645161
2013,12,Dic,12-Dic,CH,5.7336442006790325,7.157785161290323,139.50116129032259
2020,9,Sep,09-Sep,CH,5.003218332055,5.300560666666666,19.996166666666667
2006,6,Jun,06-Jun,CH,2.137544617,1.4213666666666664,148.87666666666667
2013,7,Jul,07-Jul,CH,4.995268635227419,5.648448064516129,151.58709677419355
2025,5,May,05-May,SC,10.547626535312903,9.806849677419352,37.70012903225806
2009,9,Sep,09-Sep,CH,2.0699381376250003,1.336466666666667,174.41333333333333
2024,6,Jun,06-Jun,CH,5.51868222324,4.943391,21.846400000000003
2018,3,Mar,03-Mar,SC,16.792224544625803,13.550411290322582,32.83364516129032
2015,12,Dic,12-Dic,TJ,38.20826002651935,39.16932129032258,0.0
2011,7,Jul,07-Jul,TJ,33.138185581166134,34.27935483870968,0.0
2022,12,Dic,12-Dic,TJ,17.288891132264517,13.725099677419355,0.46319354838709675
2018,8,Ago,08-Ago,CH,6.70493316495484,7.782725806451613,32.94545161290323
2022,7,Jul,07-Jul,TJ,18.844176763025807,15.426933870967742,1.6456774193548385
2015,3,Mar,03-Mar,TJ,41.129109306488715,43.38930903225807,0.0
2016,2,Feb,02-Feb,SC,10.228403598175863,6.56933448275862,124.23693103448277
2022,11,Nov,11-Nov,SC,14.672252177255004,13.011956999999999,51.276066666666665
2021,2,Feb,02-Feb,TJ,23.352660445194644,20.797211785714286,0.0
2018,12,Dic,12-Dic,CH,3.6687283456596775,4.138434516129033,23.120806451612903
2012,2,Feb,02-Feb,CB,2.5210218150931034,6.15548275862069,174.23793103448273
2008,11,Nov,11-Nov,SC,6.647791131825001,5.5322,99.57666666666667
2025,9,Sep,09-Sep,CH,4.19995330421,3.614824,16.199133333333332
2024,3,Mar,03-Mar,LP,0.0,0.0009058064516129031,0.0
2007,4,Abr,04-Abr,CB,2.975394901539999,12.685233333333333,256.1566666666667
2007,9,Sep,09-Sep,SC,6.56132563035,6.191733333333333,203.32666666666665
2018,10,Oct,10-Oct,SC,16.385418283398387,13.930943225806455,98.54012903225806
2025,2,Feb,02-Feb,SC,10.43844142681607,9.985178928571433,40.19692857142857
2025,5,May,05-May,CB,0.37105121414516135,1.1125580645161288,40.579193548387096
2015,6,Jun,06-Jun,TJ,40.278940826820005,42.15003333333333,0.0
2013,5,May,05-May,TJ,38.19477298489839,40.481599677419354,0.0
2019,6,Jun,06-Jun,TJ,22.518398242655,21.900562333333333,0.6897666666666666
2024,5,May,05-May,LP,0.0,0.0,0.0
2016,11,Nov,11-Nov,SC,15.307323611155002,11.808118,104.46000000000001
2008,6,Jun,06-Jun,SC,6.594691374705,6.074300000000001,91.95333333333333
2008,6,Jun,06-Jun,CH,2.35913529499,1.4566666666666668,174.77333333333334
2008,1,Ene,01-Ene,TJ,27.671446874119358,29.462677419354836,0.0
2011,1,Ene,01-Ene,CB,2.1187014279774194,5.587903225806452,178.55806451612906
2009,3,Mar,03-Mar,SC,5.103701161451614,5.034096774193547,92.33870967741936
2007,2,Feb,02-Feb,CB,3.137019525653571,12.767178571428573,257.6464285714286
2009,4,Abr,04-Abr,SC,5.569207034800001,4.9350000000000005,88.11666666666667
2007,12,Dic,12-Dic,CH,2.0765522534758065,1.4132903225806452,140.61612903225807
2010,12,Dic,12-Dic,CH,1.8499763483709677,1.2781612903225805,172.08064516129033
2021,9,Sep,09-Sep,TJ,21.227610503415004,17.623085333333336,0.0
2020,10,Oct,10-Oct,TJ,25.302996309822586,22.935097096774193,0.06974193548387098
2019,11,Nov,11-Nov,CH,6.07153851485,6.551023333333334,19.203933333333335
2023,1,Ene,01-Ene,CB,0.5719711397032259,1.4773774193548386,59.60225806451613
2020,10,Oct,10-Oct,CH,5.638116850480646,5.859613548387097,19.51290322580645
2006,12,Dic,12-Dic,SC,7.081113382737097,6.910354838709678,214.8725806451613
2006,4,Abr,04-Abr,TJ,17.34590366909,16.816433333333332,0.61
2011,7,Jul,07-Jul,CB,2.487645320414517,5.9277096774193545,189.80322580645162
2022,3,Mar,03-Mar,CH,5.02013722365484,5.090425161290321,21.77641935483871
2024,5,May,05-May,CB,0.4661958301451613,1.1873641935483872,44.49770967741936
2023,12,Dic,12-Dic,SC,12.817809409088715,11.847884516129033,46.443290322580644
2021,3,Mar,03-Mar,TJ,24.67308158744516,21.813313870967743,0.0
2014,3,Mar,03-Mar,CH,5.651747303245161,6.952498387096774,131.764
2023,12,Dic,12-Dic,TJ,15.233402961401612,11.490611290322581,0.45538709677419353
2012,1,Ene,01-Ene,CB,2.5065564089806456,6.148870967741937,203.4516129032258
2020,10,Oct,10-Oct,CB,0.8701009844177421,2.1982941935483873,86.4214193548387
2016,8,Ago,08-Ago,CH,6.625081474848387,7.587913870967741,42.049032258064514
2024,1,Ene,01-Ene,CB,0.4960034252806452,1.311153870967742,49.68970967741936
2025,7,Jul,07-Jul,CB,0.3471280431290322,1.0814667741935484,38.45274193548387
2007,5,May,05-May,TJ,26.612205773743547,29.836741935483875,0.5903225806451613
2025,4,Abr,04-Abr,LP,0.0,0.0,0.0
2014,11,Nov,11-Nov,SC,10.945617852480002,7.308157333333335,132.24363333333332
2012,7,Jul,07-Jul,CH,4.553616206458065,5.323856129032258,168.83148387096773
2008,2,Feb,02-Feb,TJ,27.60586467154138,29.431344827586212,0.0
2017,1,Ene,01-Ene,SC,10.629626652232258,8.215797419354839,101.87116129032259
2017,4,Abr,04-Abr,SC,16.661495787435,13.16807466666666,96.70393333333334
2016,7,Jul,07-Jul,CH,6.748842551390323,7.745534516129031,45.35787096774194
2019,12,Dic,12-Dic,CH,4.618352179345162,5.038097419354839,18.831709677419354
2019,5,May,05-May,CH,5.1855889244177416,6.096830645161291,25.19641935483871
2018,12,Dic,12-Dic,CB,1.3065147959370966,3.0816890322580646,121.1792258064516
2007,12,Dic,12-Dic,SC,6.467349312774193,6.121580645161291,112.9258064516129
2010,4,Abr,04-Abr,CB,2.1536097099,6.666766666666667,211.09
2008,8,Ago,08-Ago,CH,2.3573083405451616,1.4715161290322583,179.84193548387097
2006,6,Jun,06-Jun,SC,7.778989823939999,7.456233333333332,277.59799999999996
2015,6,Jun,06-Jun,SC,10.69067370077,6.797973999999998,134.77846666666667
2012,10,Oct,10-Oct,TJ,37.93312163711129,40.402259354838705,0.0
2012,2,Feb,02-Feb,TJ,32.77088545194828,33.379275862068965,0.0
2010,2,Feb,02-Feb,SC,6.380606482333928,4.51675,77.22142857142856
2012,2,Feb,02-Feb,SC,9.297903119187932,6.155344827586207,114.13103448275862
2018,8,Ago,08-Ago,SC,17.09381909295484,14.572234516129031,102.60325806451614
2010,4,Abr,04-Abr,CH,1.782257819525,1.2489666666666668,171.70666666666665
2013,4,Abr,04-Abr,CB,2.3549859325700004,6.092369333333333,199.3054333333333
2018,9,Sep,09-Sep,CH,6.5287234970500005,7.531800666666666,24.941166666666668
2010,4,Abr,04-Abr,SC,6.086755046145,4.4685999999999995,75.17
2011,9,Sep,09-Sep,SC,9.071478461969999,6.185433333333335,111.35333333333334
2008,6,Jun,06-Jun,TJ,27.906539787394998,29.3663,0.0
2010,3,Mar,03-Mar,SC,6.612472255577418,4.7056129032258065,75.8741935483871
2024,6,Jun,06-Jun,SC,12.28070258407,11.45406966666667,42.2317
2012,9,Sep,09-Sep,TJ,38.318841862555,41.07640466666666,0.0
2013,4,Abr,04-Abr,TJ,36.22020176577,37.77973566666666,0.0
2006,8,Ago,08-Ago,TJ,26.866585171761294,29.02367741935484,14.916129032258064
2016,8,Ago,08-Ago,SC,14.409012680458066,10.3017564516129,120.94929032258064
2015,2,Feb,02-Feb,CH,6.349242537010714,7.284423571428571,114.99871428571429
2013,1,Ene,01-Ene,TJ,36.76720091487097,38.401,0.0
2023,7,Jul,07-Jul,TJ,16.370358286432257,12.329015806451613,1.7471935483870968
2020,11,Nov,11-Nov,SC,17.98118275989,15.654547333333335,73.19363333333334
2023,10,Oct,10-Oct,TJ,15.700335029646775,11.831128387096774,0.592741935483871
2017,10,Oct,10-Oct,SC,17.838947770408062,14.495324193548386,109.47554838709678
2023,2,Feb,02-Feb,CH,6.431207681967858,6.127065714285714,17.55089285714286
2008,9,Sep,09-Sep,SC,6.519755550655,5.676266666666668,97.32
2023,8,Ago,08-Ago,CH,5.652628779382258,5.27985935483871,19.554064516129035
2021,8,Ago,08-Ago,SC,16.725155628677424,14.710683225806454,57.960258064516125
2006,2,Feb,02-Feb,CH,1.6320972721339286,1.4454642857142859,149.1357142857143
2019,4,Abr,04-Abr,TJ,21.38549865175,21.213143666666667,0.4268333333333333
2023,6,Jun,06-Jun,TJ,16.45760786017,12.459846666666666,1.6052
2016,4,Abr,04-Abr,TJ,38.635240186029996,38.61281233333332,0.0
2018,2,Feb,02-Feb,SC,16.931228144373218,13.94576321428571,99.58828571428573
2025,1,Ene,01-Ene,SC,10.011800484464517,9.350928709677419,42.10677419354839
2024,12,Dic,12-Dic,LP,0.0,0.0,0.0
2017,5,May,05-May,CB,1.4074753275483871,3.5882093548387095,124.06119354838712
2023,7,Jul,07-Jul,SC,12.837372698651615,11.711135483870965,47.03609677419355
2011,3,Mar,03-Mar,CH,1.7889727190032259,1.2529677419354839,171.29677419354837
2006,9,Sep,09-Sep,SC,7.10071065252,7.514166666666666,263.82966666666664
2012,4,Abr,04-Abr,CH,1.96657314007,1.6836333333333333,170.02666666666667
2006,3,Mar,03-Mar,CB,2.937512376024193,13.924064516129032,252.82903225806447
2023,6,Jun,06-Jun,SC,12.857540415945003,11.783371999999996,45.97923333333333
2011,12,Dic,12-Dic,CB,2.314379082498388,5.54358064516129,187.00967741935486
2025,3,Mar,03-Mar,SC,11.122904352338708,10.412031935483869,41.127806451612905
2023,5,May,05-May,TJ,15.686105355798388,11.777847096774194,1.3728387096774193
2017,9,Sep,09-Sep,CH,6.40511855901,7.230587,29.604499999999998
2022,6,Jun,06-Jun,CB,0.5832818030400001,1.5883246666666666,58.069966666666666
2023,1,Ene,01-Ene,CH,6.566739629380645,6.312415483870968,18.868225806451612
2012,8,Ago,08-Ago,CH,4.746239294966129,5.632754516129032,165.97412903225808
2007,6,Jun,06-Jun,SC,6.85240397045,6.137566666666667,123.96666666666667
2020,9,Sep,09-Sep,CB,0.90688676484,2.172426666666667,88.91253333333334
2019,2,Feb,02-Feb,CB,1.295300703498214,3.0106471428571426,114.9814642857143
2009,7,Jul,07-Jul,CH,2.2306662528774193,1.3115161290322581,165.2741935483871
2013,3,Mar,03-Mar,TJ,38.853648537251615,40.38928354838709,0.0
2007,9,Sep,09-Sep,TJ,27.512929909025,29.708966666666665,0.9133333333333333
2019,2,Feb,02-Feb,CH,6.500327090185715,7.3887175,21.97825
2009,1,Ene,01-Ene,TJ,22.070188514424196,24.402419354838713,0.0
2025,8,Ago,08-Ago,LP,0.0,0.00024193548387096774,0.0
2023,10,Oct,10-Oct,CH,5.84019776688871,5.377605483870968,17.369451612903227
2012,6,Jun,06-Jun,CB,2.4401224298849997,5.662781333333332,200.6678
2023,4,Abr,04-Abr,CH,6.32491202528,5.953501666666667,21.94546666666667
2022,12,Dic,12-Dic,CH,6.562077397045162,6.3341696774193545,19.064806451612903
2021,10,Oct,10-Oct,CH,4.7401146343451614,4.841938064516129,19.009516129032257
2024,12,Dic,12-Dic,CH,4.991745471019355,4.313977741935483,19.50993548387097
2021,4,Abr,04-Abr,CB,0.77676517572,2.022874,77.22033333333334
2006,5,May,05-May,CH,2.032276574883871,1.4124838709677419,145.4322580645161
2021,7,Jul,07-Jul,SC,16.66052835595645,14.469555161290323,59.96064516129032
2009,6,Jun,06-Jun,CB,2.8050294052,8.116766666666667,242.4033333333333
2014,10,Oct,10-Oct,SC,11.011700428601614,7.385303225806453,125.12545161290322
2007,6,Jun,06-Jun,CB,3.2648695640349996,12.439266666666667,245.58000000000004
2017,3,Mar,03-Mar,CH,5.638672226119355,6.426247741935485,45.86925806451613
2025,2,Feb,02-Feb,TJ,12.261426630064287,9.05581142857143,1.8728928571428574
2009,5,May,05-May,TJ,27.563868420629035,29.583709677419357,0.0
2024,11,Nov,11-Nov,CH,5.245153722875,4.542766,17.208066666666664
2009,8,Ago,08-Ago,TJ,24.55638693514839,26.90029032258065,0.0
2018,4,Abr,04-Abr,SC,15.456449582205,13.029208333333335,103.06423333333333
2019,7,Jul,07-Jul,CH,6.431421624251613,7.286791935483872,29.131516129032256
2017,2,Feb,02-Feb,SC,12.70692147268929,9.440939285714288,97.58200000000001
2015,8,Ago,08-Ago,SC,10.190956627180645,6.435499677419355,125.8188064516129
2011,11,Nov,11-Nov,CB,2.44735360948,5.700433333333335,190.02333333333328
2022,2,Feb,02-Feb,CB,0.6372959921517857,1.6373225,65.69957142857143
2011,11,Nov,11-Nov,TJ,32.13448241004,33.139133333333334,0.0
2024,7,Jul,07-Jul,CB,0.43159537978548385,1.1783929032258065,46.006516129032256
2022,2,Feb,02-Feb,CH,4.998369004071429,5.099667142857142,22.806392857142857
2024,12,Dic,12-Dic,TJ,12.996095950475807,9.633797096774193,3.150129032258065
2017,3,Mar,03-Mar,CB,1.4641994587790321,3.4885996774193546,134.5355806451613
2018,5,May,05-May,TJ,31.23161937824032,30.29949387096774,0.5663548387096774
2020,7,Jul,07-Jul,CB,0.9646016204419355,2.3980832258064515,93.24125806451612
2019,4,Abr,04-Abr,CB,1.253015893025,2.99357,113.03886666666666
2012,12,Dic,12-Dic,SC,10.296393047985484,6.366750967741936,113.72170967741934
2019,7,Jul,07-Jul,TJ,24.71730793991129,24.741978709677422,1.1923870967741936
2009,7,Jul,07-Jul,CB,2.603966372980645,8.000774193548386,243.88387096774196
2018,2,Feb,02-Feb,TJ,29.69661582178393,28.882798571428573,0.4013571428571428
2019,10,Oct,10-Oct,TJ,28.428116951564515,26.779145483870966,0.143741935483871
2008,4,Abr,04-Abr,CH,2.3577288914400003,1.3084,168.82
2015,7,Jul,07-Jul,CB,1.756830353912903,4.226338064516129,152.39454838709676
2010,3,Mar,03-Mar,CB,2.4203982823451615,6.829516129032259,217.25806451612902
2016,8,Ago,08-Ago,CB,1.629222753004839,3.985756451612903,146.0755483870968
2008,4,Abr,04-Abr,SC,6.396434725010001,5.8739,100.86333333333334
2021,2,Feb,02-Feb,CB,0.8032721744785715,2.130995357142857,80.41260714285714
2010,3,Mar,03-Mar,TJ,27.085118178019357,29.179032258064513,0.0
2020,4,Abr,04-Abr,SC,7.641134903085002,7.084594333333334,76.26633333333334
2018,3,Mar,03-Mar,TJ,31.191078783508065,30.471272580645163,0.5259354838709678
2014,7,Jul,07-Jul,CH,6.500508344124194,7.518405483870969,134.05632258064517
2008,5,May,05-May,CH,2.353218839337097,1.4119032258064517,172.66451612903228
2015,10,Oct,10-Oct,SC,10.470823017091936,6.552772903225804,129.8045483870968
2011,10,Oct,10-Oct,CH,1.6971420879,1.2329677419354839,170.7258064516129
2020,11,Nov,11-Nov,TJ,25.651070592465004,23.045938666666665,0.0026666666666666666
2019,1,Ene,01-Ene,CB,1.2730762498741937,3.0785609677419354,115.7366129032258
2018,10,Oct,10-Oct,CB,1.3248284903129035,3.086444193548387,117.35174193548389
2016,1,Ene,01-Ene,CB,1.7315753775000002,4.1942070967741945,146.18403225806455
2020,12,Dic,12-Dic,CH,5.535976145637098,6.092599999999999,20.158419354838706
2010,8,Ago,08-Ago,TJ,30.480414452845164,32.676870967741934,0.0
2021,1,Ene,01-Ene,CH,5.556446487846775,5.743840967741935,19.930612903225807
2024,10,Oct,10-Oct,CH,4.567294158454839,4.005329677419355,17.516774193548386
2011,4,Abr,04-Abr,TJ,26.226001756440002,27.039533333333328,0.0
2010,2,Feb,02-Feb,TJ,26.466091023482143,28.49246428571428,0.0
2012,11,Nov,11-Nov,CB,2.56663739621,5.842160333333333,184.38380000000004
2017,4,Abr,04-Abr,CB,1.4394096703600003,3.5556036666666664,131.0834333333333
2012,3,Mar,03-Mar,CH,1.60338499755,1.1640645161290324,170.79032258064515
2008,12,Dic,12-Dic,SC,6.111112378412903,5.313806451612904,92.80322580645162
2021,5,May,05-May,CH,5.7488302532999995,5.943742258064516,23.413193548387095
2018,2,Feb,02-Feb,CH,6.569673033203572,7.703154642857143,30.759285714285713
2018,4,Abr,04-Abr,TJ,29.083836423519998,28.103649333333337,0.5019666666666667
2014,9,Sep,09-Sep,SC,11.081613300185001,7.433121333333333,129.03693333333334
2024,10,Oct,10-Oct,TJ,13.01723402227742,9.603304193548386,2.5403870967741935
2025,3,Mar,03-Mar,LP,0.0,0.0,0.0
2008,5,May,05-May,TJ,27.911126173200003,29.33232258064516,0.0
2024,12,Dic,12-Dic,SC,10.94999527211129,9.992013548387096,42.604225806451616
2013,5,May,05-May,CH,4.808243148551613,5.458662903225806,150.08845161290324
2008,12,Dic,12-Dic,CH,2.306943625756452,1.429774193548387,181.43548387096774
2016,2,Feb,02-Feb,TJ,38.596432887,39.30227172413793,0.0
2021,7,Jul,07-Jul,CB,0.7159769371016127,1.8954167741935484,69.39274193548388
2017,11,Nov,11-Nov,SC,17.08226813222,14.061838,112.8657
2008,7,Jul,07-Jul,SC,6.464946034311291,5.9309032258064525,89.1032258064516
2013,11,Nov,11-Nov,CB,2.1785304256900004,5.869658666666666,189.1773
2023,7,Jul,07-Jul,CB,0.5350825051741936,1.3502654838709678,53.76096774193548
2021,4,Abr,04-Abr,TJ,23.752652334765006,20.875901666666667,0.0
2012,1,Ene,01-Ene,SC,8.823197965374195,5.886483870967744,114.96774193548387
2014,3,Mar,03-Mar,SC,10.531767272419355,7.321179354838709,136.1235806451613
2009,3,Mar,03-Mar,CH,1.4350915638725807,1.3053870967741936,170.92580645161289
2020,12,Dic,12-Dic,SC,17.72897699981613,15.41235387096774,73.20796774193548
2023,12,Dic,12-Dic,CB,0.49917034524677417,1.316639677419355,53.13287096774193
2015,8,Ago,08-Ago,TJ,40.81118050294354,42.57463193548387,0.0
2021,12,Dic,12-Dic,CB,0.6529947820209678,1.777498064516129,66.74912903225807
2019,3,Mar,03-Mar,CB,1.2518632754370966,3.008953548387097,111.64216129032259
2015,5,May,05-May,SC,10.609735435277418,6.898996451612904,137.9656129032258
2009,9,Sep,09-Sep,TJ,23.46902227011,25.738033333333334,0.0
2019,11,Nov,11-Nov,TJ,28.858333300755003,26.737486,0.0
2015,10,Oct,10-Oct,TJ,40.11581183851452,41.42914516129033,0.0
2012,4,Abr,04-Abr,CB,2.3935176142600003,5.590433333333333,193.54999999999998
2009,11,Nov,11-Nov,TJ,23.098835146165,25.2113,0.0
2008,3,Mar,03-Mar,CH,2.368106194862903,1.437258064516129,166.61290322580646
2017,5,May,05-May,TJ,34.23874005224516,33.791582258064516,1.1790645161290323
2013,10,Oct,10-Oct,CB,2.1505112984419354,5.673055483870968,183.2057741935484
2025,4,Abr,04-Abr,SC,10.174790720205003,9.535811000000002,39.726400000000005
2021,6,Jun,06-Jun,CH,5.667127645995001,5.921926666666666,25.795
2020,1,Ene,01-Ene,CB,1.0478915242064517,2.557715806451613,99.20761290322581
2021,3,Mar,03-Mar,SC,17.55653834467742,15.345117741935484,65.94361290322581
2023,5,May,05-May,CB,0.5531906740258065,1.44249,56.020161290322584
2007,3,Mar,03-Mar,TJ,25.258355252520968,28.51932258064516,0.6193548387096774
2022,6,Jun,06-Jun,CH,7.163922356775,7.064393666666667,22.694133333333333
2022,10,Oct,10-Oct,TJ,16.8888489444,13.385024516129034,0.6379354838709677
2014,4,Abr,04-Abr,CB,1.791338089425,5.027171333333333,146.19516666666667
2011,5,May,05-May,SC,8.037963493853226,5.371290322580645,100.96451612903226
2024,12,Dic,12-Dic,CB,0.3526982415580646,1.060818387096774,40.24564516129032
2018,6,Jun,06-Jun,TJ,30.697036985175004,29.649819333333333,0.7381
2009,8,Ago,08-Ago,SC,6.379770776404839,5.019483870967742,87.53870967741935
2014,8,Ago,08-Ago,CB,1.8822155388193547,5.0717358064516125,165.79912903225804
2010,12,Dic,12-Dic,TJ,27.22795659044032,28.448709677419355,0.0
2020,1,Ene,01-Ene,TJ,27.372519590370967,25.280662903225807,0.0
2007,11,Nov,11-Nov,TJ,27.604181902045003,29.407233333333338,0.0
2019,9,Sep,09-Sep,CB,1.142733089015,2.6729670000000003,104.18750000000001
2018,11,Nov,11-Nov,CB,1.313827272295,3.054205666666667,119.1631
2015,11,Nov,11-Nov,CB,1.7195492113050006,4.147884333333334,142.42296666666667
2011,8,Ago,08-Ago,TJ,33.11403496190322,34.042806451612904,0.0
2008,10,Oct,10-Oct,TJ,27.918371633012903,29.606774193548386,0.0
2024,1,Ene,01-Ene,CH,5.71246502377258,5.223162580645161,18.155677419354838
2016,1,Ene,01-Ene,SC,10.287343530793548,6.728502903225807,124.66806451612904
2023,9,Sep,09-Sep,CB,0.5053802609,1.3830333333333333,53.24876666666667
2016,11,Nov,11-Nov,CB,1.5482190542749998,3.8007223333333338,138.40480000000002
2022,5,May,05-May,TJ,19.56373532492903,16.209843225806452,2.568290322580645
2011,6,Jun,06-Jun,CB,2.47195340097,5.9127,188.86000000000004
2006,2,Feb,02-Feb,CB,2.9213897468517858,13.72135714285714,269.7642857142857
2016,12,Dic,12-Dic,CH,6.156533519259678,7.038068064516129,41.87116129032258
2010,6,Jun,06-Jun,TJ,30.286038673114998,32.32893333333334,0.0
2021,12,Dic,12-Dic,SC,16.281906494946778,14.431008709677418,63.43716129032258
2021,6,Jun,06-Jun,SC,16.815846217310003,14.619036999999997,61.97356666666667
2013,11,Nov,11-Nov,TJ,37.400790707655,38.833131,0.0
2015,4,Abr,04-Abr,TJ,40.85165666923,43.053795000000015,0.0
2014,6,Jun,06-Jun,TJ,41.514971329320005,44.18692599999999,0.0
2013,7,Jul,07-Jul,TJ,39.553754336651615,41.36802741935483,0.0
2013,3,Mar,03-Mar,CB,2.355021069822581,6.043443548387097,197.8776451612903
2016,9,Sep,09-Sep,CB,1.6144880344349999,3.9603193333333335,144.2673333333333
2010,10,Oct,10-Oct,CB,2.3145069650467742,6.085516129032258,195.09354838709675
2024,6,Jun,06-Jun,LP,0.0,0.0,0.0
2020,3,Mar,03-Mar,CH,4.351662259151614,4.751965161290322,19.79790322580645
2017,2,Feb,02-Feb,CB,1.4488923092142858,3.646622857142857,132.26010714285715
2013,4,Abr,04-Abr,CH,3.9584351149800003,4.469641666666667,147.52276666666666
2021,1,Ene,01-Ene,SC,16.18305602538387,14.242817741935484,64.04009677419354
2014,12,Dic,12-Dic,CH,5.683452127330646,6.506745161290323,116.10590322580644
2007,4,Abr,04-Abr,SC,6.4305367074649995,6.2829000000000015,199.01
2006,4,Abr,04-Abr,CB,2.9986855106649997,14.1434,316.5666666666667
2007,2,Feb,02-Feb,SC,6.412025038725,6.5658214285714305,189.26214285714286
2024,7,Jul,07-Jul,TJ,14.297354773674195,10.689105161290323,5.542516129032259
2019,8,Ago,08-Ago,SC,13.660875109330645,12.140640322580644,73.96164516129032
2014,1,Ene,01-Ene,CB,2.095672521353226,5.588921612903225,168.47251612903227
2021,12,Dic,12-Dic,CH,4.744469948564516,4.88888129032258,19.726774193548387
2011,5,May,05-May,CB,2.483857256641935,5.880258064516129,190.05161290322576
2013,3,Mar,03-Mar,CH,4.858046093574194,5.867100000000001,142.19809677419354
2016,4,Abr,04-Abr,CB,1.6850083176750001,4.00204,153.26646666666664
2012,10,Oct,10-Oct,CH,4.695225119520968,5.596340645161291,156.9729677419355
2012,9,Sep,09-Sep,CB,2.3843080307449998,5.583295666666666,193.3726333333333
2016,12,Dic,12-Dic,TJ,29.325363747217743,29.80567612903226,1.4187096774193546
2009,7,Jul,07-Jul,TJ,26.278014877277425,28.74774193548387,0.0
2013,9,Sep,09-Sep,CH,5.3884719079900005,6.525267666666667,146.98059999999998
2020,5,May,05-May,SC,11.685469730608064,10.861108387096774,71.43048387096775
2022,5,May,05-May,CB,0.601737629733871,1.556665483870968,60.43503225806452
2015,6,Jun,06-Jun,CH,6.703446012710001,7.613190333333333,116.56703333333333
2008,9,Sep,09-Sep,TJ,27.893215765575,29.068599999999996,0.0
2015,9,Sep,09-Sep,CB,1.7659699674050002,4.110981666666667,155.4362
2016,6,Jun,06-Jun,CH,7.054106780790001,8.147802,46.437266666666666
2023,11,Nov,11-Nov,CB,0.506415713715,1.3612263333333332,53.49293333333333
2009,6,Jun,06-Jun,TJ,28.336918151595004,30.39676666666667,0.0
2015,2,Feb,02-Feb,SC,10.669558499935714,7.146207142857142,130.57332142857143
2008,7,Jul,07-Jul,TJ,28.821075359695165,30.408516129032257,0.0
2020,6,Jun,06-Jun,TJ,21.614835876005003,19.99718133333333,0.3215
2024,7,Jul,07-Jul,CH,5.31413828895,4.7471996774193554,22.259612903225808
2008,1,Ene,01-Ene,SC,6.353968645374192,6.0534193548387085,104.18709677419355
2011,10,Oct,10-Oct,SC,8.940871832612903,5.964258064516132,111.46129032258065
2025,4,Abr,04-Abr,CH,4.208313382225,3.647401,20.8449
2022,8,Ago,08-Ago,CH,7.3206401362064515,7.087724193548387,20.522483870967744
2015,1,Ene,01-Ene,TJ,40.051735374198394,42.34128096774194,0.0
2010,1,Ene,01-Ene,CB,2.0786942861612903,7.158064516129032,209.39032258064515
2017,11,Nov,11-Nov,CB,1.312898479615,3.4761403333333334,122.49366666666667
2010,11,Nov,11-Nov,SC,8.311236168225,5.436233333333333,88.75333333333333
2007,7,Jul,07-Jul,SC,6.780412185353226,6.156903225806452,125.89677419354838
2013,2,Feb,02-Feb,CB,2.369465012185715,5.86989,196.66107142857143
2013,12,Dic,12-Dic,TJ,38.37180719075807,40.370581612903216,0.0
2022,3,Mar,03-Mar,SC,16.726205179020972,15.009364193548386,59.10174193548387
2020,9,Sep,09-Sep,TJ,24.218460741685,21.865282,0.015533333333333333
2019,10,Oct,10-Oct,SC,18.589488619998388,16.388928064516122,76.58774193548388
2011,9,Sep,09-Sep,CB,2.4378712403100007,5.7347,186.38666666666666
2021,12,Dic,12-Dic,TJ,20.317589245969355,16.814668387096777,0.0
2011,5,May,05-May,CH,1.7772349279548387,1.2464193548387097,172.43870967741935
2023,7,Jul,07-Jul,CH,6.089817193766129,5.601485161290323,21.657774193548384
2007,10,Oct,10-Oct,CH,2.16439842975,1.340290322580645,142.6967741935484
2023,10,Oct,10-Oct,SC,12.587540438675806,11.792567096774192,47.994838709677424
2023,12,Dic,12-Dic,CH,5.628521092117742,5.151966774193548,18.926903225806452
2012,12,Dic,12-Dic,CB,2.469755465341936,5.90591129032258,194.32287096774195
2007,11,Nov,11-Nov,CB,3.550943372845,11.684566666666667,283.8433333333333
2019,4,Abr,04-Abr,SC,8.83829675338,7.748506999999998,77.9886
2010,7,Jul,07-Jul,CH,1.94199788985,1.2246129032258064,166.58709677419355
2024,4,Abr,04-Abr,LP,0.0,0.0,0.0
2016,5,May,05-May,CH,6.999327925809679,8.042088387096774,47.23225806451613
2013,6,Jun,06-Jun,TJ,39.95715569458,41.8352,0.0
2015,4,Abr,04-Abr,CB,1.830643765015,4.461985333333334,150.6028
2010,9,Sep,09-Sep,SC,8.462481183550002,5.412966666666668,83.74000000000001
2022,4,Abr,04-Abr,CB,0.5877086705899999,1.5159526666666665,59.85946666666667
2012,10,Oct,10-Oct,CB,2.3803536892112893,5.592576129032258,193.56764516129036
2012,6,Jun,06-Jun,TJ,32.22706529501,33.86780366666667,0.0
2014,3,Mar,03-Mar,TJ,40.53553789091613,42.61739806451613,0.0
2007,4,Abr,04-Abr,CH,1.2285633491549999,1.3379333333333334,145.4
2008,2,Feb,02-Feb,CB,3.2669540422241377,11.455724137931036,287.00689655172414
2017,8,Ago,08-Ago,CH,6.715736499953226,7.5917845161290325,49.857451612903226
2021,7,Jul,07-Jul,CH,5.593172528849999,5.8054222580645165,23.92996774193548
2011,4,Abr,04-Abr,CH,1.7470675261350002,1.1938666666666666,167.81333333333333
2014,5,May,05-May,CH,6.489251939525808,7.640930967741936,133.679
2017,6,Jun,06-Jun,SC,13.53114636322,11.828941333333333,105.03083333333333
2010,3,Mar,03-Mar,CH,2.0544888600919355,1.2464193548387097,170.29032258064515
